planner_id,config_variant,metric,count,success_count,success_rate,P50,P95,P99,mean,std,min,max
smac_hybrid_reeds_shepp,normalized,planning_time_ms,50,50,1.0,22.415436,101.10065575,117.80024591999995,37.02908730000001,33.85205675169287,9.673525,132.025824
smac_hybrid_reeds_shepp,normalized,wall_time_ms,50,50,1.0,35.0595875,116.74998599999999,134.20627474999995,50.804335179999995,34.711641880397615,18.235142,147.48171
smac_hybrid_reeds_shepp,normalized,cpu_total_ms,50,50,1.0,20.0,110.0,120.19999999999996,39.2,34.690468019739534,10.0,130.0
smac_hybrid_reeds_shepp,normalized,cpu_percent,50,50,1.0,67.38071788615544,94.87204605659792,103.41097333824793,69.9834910161486,19.054751528399393,30.4353660414299,109.67833428442728
smac_hybrid_reeds_shepp,normalized,planner_rss_peak_bytes,50,50,1.0,127397888.0,146528460.8,146530304.0,130317271.04,6105499.674373752,124968960.0,146530304.0
smac_hybrid_reeds_shepp,normalized,planner_pss_peak_bytes,50,50,1.0,91790848.0,110869708.8,110871552.0,94719938.56,6090677.16815757,89330688.0,110871552.0
smac_hybrid_reeds_shepp,normalized,stack_rss_peak_bytes,50,50,1.0,237768704.0,256940236.8,256942080.0,240633774.08,6138390.836987246,235266048.0,256942080.0
smac_hybrid_reeds_shepp,normalized,stack_pss_peak_bytes,50,50,1.0,136434176.0,155449548.8,155451392.0,139309158.4,6080480.678495914,133977088.0,155451392.0
smac_hybrid_reeds_shepp,normalized,repetition,50,50,1.0,3.0,5.0,5.0,3.0,1.4285714285714286,1.0,5.0
smac_hybrid_reeds_shepp,normalized,start_x,50,50,1.0,-0.19999999999999996,9.35,9.35,1.3599999999999997,6.046663779072131,-6.05,9.35
smac_hybrid_reeds_shepp,normalized,start_y,50,50,1.0,-20.65,1.35,1.35,-17.97,12.530925011053776,-33.55,1.35
smac_hybrid_reeds_shepp,normalized,start_yaw,50,50,1.0,0.12950000000000006,2.91,2.91,-0.02909999999999995,2.0752864297022042,-2.678,2.91
smac_hybrid_reeds_shepp,normalized,goal_x,50,50,1.0,5.65,11.15,11.15,1.39,8.484223053192704,-11.15,11.15
smac_hybrid_reeds_shepp,normalized,goal_y,50,50,1.0,-9.5,18.45,18.45,-9.669999999999998,13.588620689565882,-30.55,18.45
smac_hybrid_reeds_shepp,normalized,goal_yaw,50,50,1.0,-1.067,2.91,2.91,-0.3434,1.8760898981984977,-2.678,2.91
smac_hybrid_reeds_shepp,normalized,result_detail,0,50,1.0,,,,,,,
smac_hybrid_reeds_shepp,normalized,cpu_user_ms,50,50,1.0,20.0,105.50000000000038,120.19999999999996,38.8,34.323788383271335,10.0,130.0
smac_hybrid_reeds_shepp,normalized,cpu_system_ms,50,50,1.0,0.0,0.0,10.0,0.4,1.9794866372215738,0.0,10.0
smac_hybrid_reeds_shepp,normalized,planner_rss_before_bytes,50,50,1.0,126971904.0,146524364.8,146530304.0,130087075.84,6107579.380011944,124964864.0,146530304.0
smac_hybrid_reeds_shepp,normalized,planner_pss_before_bytes,50,50,1.0,91385856.0,110865612.8,110871552.0,94489661.44,6092420.612643074,89326592.0,110871552.0
smac_hybrid_reeds_shepp,normalized,stack_rss_before_bytes,50,50,1.0,237371392.0,256936140.8,256942080.0,240403415.04,6141853.3521997435,235261952.0,256942080.0
smac_hybrid_reeds_shepp,normalized,stack_pss_before_bytes,50,50,1.0,136003584.0,155445452.8,155451392.0,139078717.44,6082375.308526452,133972992.0,155451392.0
smac_hybrid_reeds_shepp,normalized,sample_interval_ms,50,50,1.0,10.0,10.0,10.0,10.0,0.0,10.0,10.0
smac_hybrid_reeds_shepp,normalized,path_point_count,50,50,1.0,283.5,511.0,511.0,286.3,97.98589027955786,158.0,511.0
smac_hybrid_reeds_shepp,normalized,resource_error,0,50,1.0,,,,,,,
smac_hybrid_reeds_shepp,normalized,path_length_m,50,50,1.0,27.864523810559575,51.463592791944365,51.463592791944365,28.312725586722465,10.068429658553658,15.053934301930868,51.463592791944365
smac_hybrid_reeds_shepp,normalized,euclidean_distance_m,50,50,1.0,21.625483490613096,35.05567001213926,35.05567001213926,21.056678798969322,6.860808392084242,12.969194269498782,35.05567001213926
smac_hybrid_reeds_shepp,normalized,length_over_euclidean,50,50,1.0,1.2535523495321486,1.8794013687171676,1.8794013687171676,1.3519963008825386,0.23410388706964685,1.100865555127826,1.8794013687171676
smac_hybrid_reeds_shepp,normalized,length_over_navfn,0,50,1.0,,,,,,,
smac_hybrid_reeds_shepp,normalized,length_over_shortest_observed_valid,40,50,1.0,1.0,1.0,1.0,1.0,0.0,1.0,1.0
smac_hybrid_reeds_shepp,normalized,minimum_clearance_m,50,50,1.0,0.4000000059604645,0.5492249727249146,0.5492249727249146,0.39984499514102934,0.07981094473514967,0.2598449885845184,0.5492249727249146
smac_hybrid_reeds_shepp,normalized,clearance_p05_m,50,50,1.0,0.509844958782196,0.75,0.75,0.536829486489296,0.08906521106867978,0.4500000178813934,0.75
smac_hybrid_reeds_shepp,normalized,clearance_p50_m,50,50,1.0,0.9049225151538849,1.2000000476837158,1.2000000476837158,0.8757984876632691,0.1524261456445389,0.6500000357627869,1.2000000476837158
smac_hybrid_reeds_shepp,normalized,footprint_collision_count,50,50,1.0,0.0,1.0,1.0,0.2,0.4040610178208843,0.0,1.0
smac_hybrid_reeds_shepp,normalized,footprint_collision_length_m,50,50,1.0,0.0,0.0243004901831272,0.0243004901831272,0.00414966810378159,0.008535791089527251,0.0,0.0243004901831272
smac_hybrid_reeds_shepp,normalized,heading_change_p95_rad,50,50,1.0,0.05205715833777175,0.0581776301066083,0.0581776301066083,0.04638919976624829,0.01119204850806424,0.0205165022286383,0.0581776301066083
smac_hybrid_reeds_shepp,normalized,heading_change_max_rad,50,50,1.0,0.060373328005697655,0.1745328903198242,0.1745328903198242,0.08314697772735123,0.046158881741318006,0.0596590615776357,0.1745328903198242
smac_hybrid_reeds_shepp,normalized,curvature_p95_per_m,50,50,1.0,1.6129898271392165,2.6037009545731924,2.6037009545731924,1.7199464031782181,0.3977906342406457,1.268767772464414,2.6037009545731924
smac_hybrid_reeds_shepp,normalized,curvature_max_per_m,50,50,1.0,94.94430668879855,95.2906944241752,95.2906944241752,84.1002732179581,25.409470196313233,12.499999999999734,95.2906944241752
smac_hybrid_reeds_shepp,normalized,preferred_radius_violation_count,50,50,1.0,49.5,73.0,73.0,49.8,13.596217961519404,32.0,73.0
smac_hybrid_reeds_shepp,normalized,in_place_rotation_count,50,50,1.0,0.0,0.0,0.0,0.0,0.0,0.0,0.0
smac_hybrid_reeds_shepp,normalized,reverse_distance_m,50,50,1.0,0.5651578978450033,2.466265959091617,2.466265959091617,0.9571879325788702,0.8405067506305338,0.0,2.466265959091617
smac_hybrid_reeds_shepp,normalized,reverse_ratio,50,50,1.0,0.02885902252432155,0.0919483725971479,0.0919483725971479,0.0362570880757559,0.029329394418291622,0.0,0.0919483725971479
smac_hybrid_reeds_shepp,normalized,direction_switch_count,50,50,1.0,2.0,2.0,2.0,1.6,0.6700593942604901,0.0,2.0
smac_hybrid_reeds_shepp,normalized,goal_position_error_m,50,50,1.0,0.035354635733851156,0.0353548022141132,0.0353548022141132,0.0353545838937947,1.6032525239466914e-07,0.0353542458757128,0.0353548022141132
smac_hybrid_reeds_shepp,normalized,goal_yaw_error_rad,50,50,1.0,0.0249656867980956,0.0405987901687621,0.0405987901687621,0.023660270087977962,0.011653558939515836,0.0017370522869661,0.0405987901687621
