query_id,planner_id,config_variant,metric,count,success_count,success_rate,P50,P95,P99,mean,std,min,max
q00,smac_hybrid_reeds_shepp,normalized,planning_time_ms,5,5,1.0,14.062234,17.220238199999997,17.84350524,14.441571999999999,2.0980927852465197,12.447807,17.999322
q00,smac_hybrid_reeds_shepp,normalized,wall_time_ms,5,5,1.0,25.231887,28.160016,28.7332024,25.6293064,1.891032451339161,23.967089,28.876499
q00,smac_hybrid_reeds_shepp,normalized,cpu_total_ms,5,5,1.0,20.0,20.0,20.0,16.0,5.477225575051661,10.0,20.0
q00,smac_hybrid_reeds_shepp,normalized,cpu_percent,5,5,1.0,69.26047371601385,82.6111678676038,83.28044521949911,62.37360219503572,21.113160295939245,39.534936311589696,83.44776455747295
q00,smac_hybrid_reeds_shepp,normalized,planner_rss_peak_bytes,5,5,1.0,126050304.0,126050304.0,126050304.0,126039654.4,16281.277984236986,126013440.0,126050304.0
q00,smac_hybrid_reeds_shepp,normalized,planner_pss_peak_bytes,5,5,1.0,90430464.0,90430464.0,90430464.0,90419814.4,16281.277984236986,90393600.0,90430464.0
q00,smac_hybrid_reeds_shepp,normalized,stack_rss_peak_bytes,5,5,1.0,236343296.0,236343296.0,236343296.0,236332646.4,16281.277984236986,236306432.0,236343296.0
q00,smac_hybrid_reeds_shepp,normalized,stack_pss_peak_bytes,5,5,1.0,134969344.0,134969344.0,134969344.0,134958694.4,16281.277984236986,134932480.0,134969344.0
q00,smac_hybrid_reeds_shepp,normalized,repetition,5,5,1.0,3.0,4.8,4.96,3.0,1.5811388300841898,1.0,5.0
q00,smac_hybrid_reeds_shepp,normalized,start_x,5,5,1.0,1.05,1.05,1.05,1.05,0.0,1.05,1.05
q00,smac_hybrid_reeds_shepp,normalized,start_y,5,5,1.0,1.35,1.35,1.35,1.35,0.0,1.35,1.35
q00,smac_hybrid_reeds_shepp,normalized,start_yaw,5,5,1.0,-2.658,-2.658,-2.658,-2.658,0.0,-2.658,-2.658
q00,smac_hybrid_reeds_shepp,normalized,goal_x,5,5,1.0,-11.15,-11.15,-11.15,-11.15,0.0,-11.15,-11.15
q00,smac_hybrid_reeds_shepp,normalized,goal_y,5,5,1.0,-5.15,-5.15,-5.15,-5.15,0.0,-5.15,-5.15
q00,smac_hybrid_reeds_shepp,normalized,goal_yaw,5,5,1.0,0.483,0.483,0.483,0.483,0.0,0.483,0.483
q00,smac_hybrid_reeds_shepp,normalized,result_detail,0,5,1.0,,,,,,,
q00,smac_hybrid_reeds_shepp,normalized,cpu_user_ms,5,5,1.0,20.0,20.0,20.0,16.0,5.477225575051661,10.0,20.0
q00,smac_hybrid_reeds_shepp,normalized,cpu_system_ms,5,5,1.0,0.0,0.0,0.0,0.0,0.0,0.0,0.0
q00,smac_hybrid_reeds_shepp,normalized,planner_rss_before_bytes,5,5,1.0,126033920.0,126050304.0,126050304.0,126029004.8,23422.531101484314,125997056.0,126050304.0
q00,smac_hybrid_reeds_shepp,normalized,planner_pss_before_bytes,5,5,1.0,90414080.0,90430464.0,90430464.0,90409164.8,23422.531101484314,90377216.0,90430464.0
q00,smac_hybrid_reeds_shepp,normalized,stack_rss_before_bytes,5,5,1.0,236326912.0,236343296.0,236343296.0,236321996.8,23422.531101484314,236290048.0,236343296.0
q00,smac_hybrid_reeds_shepp,normalized,stack_pss_before_bytes,5,5,1.0,134952960.0,134969344.0,134969344.0,134948044.8,23422.531101484314,134916096.0,134969344.0
q00,smac_hybrid_reeds_shepp,normalized,sample_interval_ms,5,5,1.0,10.0,10.0,10.0,10.0,0.0,10.0,10.0
q00,smac_hybrid_reeds_shepp,normalized,path_point_count,5,5,1.0,227.0,227.0,227.0,227.0,0.0,227.0,227.0
q00,smac_hybrid_reeds_shepp,normalized,resource_error,0,5,1.0,,,,,,,
q00,smac_hybrid_reeds_shepp,normalized,path_length_m,5,5,1.0,21.94391564530993,21.94391564530993,21.94391564530993,21.94391564530993,0.0,21.94391564530993,21.94391564530993
q00,smac_hybrid_reeds_shepp,normalized,euclidean_distance_m,5,5,1.0,13.823530663329104,13.823530663329104,13.823530663329104,13.823530663329104,0.0,13.823530663329104,13.823530663329104
q00,smac_hybrid_reeds_shepp,normalized,length_over_euclidean,5,5,1.0,1.5874320518941287,1.5874320518941287,1.5874320518941287,1.5874320518941287,0.0,1.5874320518941287,1.5874320518941287
q00,smac_hybrid_reeds_shepp,normalized,length_over_navfn,0,5,1.0,,,,,,,
q00,smac_hybrid_reeds_shepp,normalized,length_over_shortest_observed_valid,0,5,1.0,,,,,,,
q00,smac_hybrid_reeds_shepp,normalized,minimum_clearance_m,5,5,1.0,0.3000000119209289,0.3000000119209289,0.3000000119209289,0.3000000119209289,0.0,0.3000000119209289,0.3000000119209289
q00,smac_hybrid_reeds_shepp,normalized,clearance_p05_m,5,5,1.0,0.4500000178813934,0.4500000178813934,0.4500000178813934,0.4500000178813933,6.206335383118183e-17,0.4500000178813934,0.4500000178813934
q00,smac_hybrid_reeds_shepp,normalized,clearance_p50_m,5,5,1.0,0.6500000357627869,0.6500000357627869,0.6500000357627869,0.6500000357627869,0.0,0.6500000357627869,0.6500000357627869
q00,smac_hybrid_reeds_shepp,normalized,footprint_collision_count,5,5,1.0,1.0,1.0,1.0,1.0,0.0,1.0,1.0
q00,smac_hybrid_reeds_shepp,normalized,footprint_collision_length_m,5,5,1.0,0.0171961908546887,0.0171961908546887,0.0171961908546887,0.0171961908546887,0.0,0.0171961908546887,0.0171961908546887
q00,smac_hybrid_reeds_shepp,normalized,heading_change_p95_rad,5,5,1.0,0.0389376400945357,0.0389376400945357,0.0389376400945357,0.0389376400945357,0.0,0.0389376400945357,0.0389376400945357
q00,smac_hybrid_reeds_shepp,normalized,heading_change_max_rad,5,5,1.0,0.1745328903198242,0.1745328903198242,0.1745328903198242,0.1745328903198242,0.0,0.1745328903198242,0.1745328903198242
q00,smac_hybrid_reeds_shepp,normalized,curvature_p95_per_m,5,5,1.0,2.6037009545731924,2.6037009545731924,2.6037009545731924,2.6037009545731924,0.0,2.6037009545731924,2.6037009545731924
q00,smac_hybrid_reeds_shepp,normalized,curvature_max_per_m,5,5,1.0,68.37628234061562,68.37628234061562,68.37628234061562,68.37628234061562,0.0,68.37628234061562,68.37628234061562
q00,smac_hybrid_reeds_shepp,normalized,preferred_radius_violation_count,5,5,1.0,56.0,56.0,56.0,56.0,0.0,56.0,56.0
q00,smac_hybrid_reeds_shepp,normalized,in_place_rotation_count,5,5,1.0,0.0,0.0,0.0,0.0,0.0,0.0,0.0
q00,smac_hybrid_reeds_shepp,normalized,reverse_distance_m,5,5,1.0,0.3729652706910713,0.3729652706910713,0.3729652706910713,0.3729652706910713,0.0,0.3729652706910713,0.3729652706910713
q00,smac_hybrid_reeds_shepp,normalized,reverse_ratio,5,5,1.0,0.0169962953157261,0.0169962953157261,0.0169962953157261,0.0169962953157261,0.0,0.0169962953157261,0.0169962953157261
q00,smac_hybrid_reeds_shepp,normalized,direction_switch_count,5,5,1.0,1.0,1.0,1.0,1.0,0.0,1.0,1.0
q00,smac_hybrid_reeds_shepp,normalized,goal_position_error_m,5,5,1.0,0.0353546683976564,0.0353546683976564,0.0353546683976564,0.0353546683976564,0.0,0.0353546683976564,0.0353546683976564
q00,smac_hybrid_reeds_shepp,normalized,goal_yaw_error_rad,5,5,1.0,0.0405987901687621,0.0405987901687621,0.0405987901687621,0.0405987901687621,0.0,0.0405987901687621,0.0405987901687621
q01,smac_hybrid_reeds_shepp,normalized,planning_time_ms,5,5,1.0,17.215194,21.8516676,22.49997592,18.0929866,2.774000884736034,15.915869,22.662053
q01,smac_hybrid_reeds_shepp,normalized,wall_time_ms,5,5,1.0,31.335118,35.9218074,36.534866279999996,32.1239932,2.8354753118869147,29.801667,36.688131
q01,smac_hybrid_reeds_shepp,normalized,cpu_total_ms,5,5,1.0,10.0,28.0,29.6,16.0,8.94427190999916,10.0,30.0
q01,smac_hybrid_reeds_shepp,normalized,cpu_percent,5,5,1.0,33.555169917172755,78.18148174756193,81.05254772519571,48.597753559045046,23.018430570936832,30.4353660414299,81.77031421960416
q01,smac_hybrid_reeds_shepp,normalized,planner_rss_peak_bytes,5,5,1.0,126971904.0,126971904.0,126971904.0,126971904.0,0.0,126971904.0,126971904.0
q01,smac_hybrid_reeds_shepp,normalized,planner_pss_peak_bytes,5,5,1.0,91371520.0,91371520.0,91371520.0,91371520.0,0.0,91371520.0,91371520.0
q01,smac_hybrid_reeds_shepp,normalized,stack_rss_peak_bytes,5,5,1.0,237273088.0,237276364.8,237277020.16,237273907.2,1831.7868871678277,237273088.0,237277184.0
q01,smac_hybrid_reeds_shepp,normalized,stack_pss_peak_bytes,5,5,1.0,135959552.0,135962828.8,135963484.16,135960371.2,1831.7868871678277,135959552.0,135963648.0
q01,smac_hybrid_reeds_shepp,normalized,repetition,5,5,1.0,3.0,4.8,4.96,3.0,1.5811388300841898,1.0,5.0
q01,smac_hybrid_reeds_shepp,normalized,start_x,5,5,1.0,8.65,8.65,8.65,8.65,0.0,8.65,8.65
q01,smac_hybrid_reeds_shepp,normalized,start_y,5,5,1.0,-18.15,-18.15,-18.15,-18.15,0.0,-18.15,-18.15
q01,smac_hybrid_reeds_shepp,normalized,start_yaw,5,5,1.0,2.405,2.405,2.405,2.405,0.0,2.405,2.405
q01,smac_hybrid_reeds_shepp,normalized,goal_x,5,5,1.0,-9.45,-9.45,-9.45,-9.45,0.0,-9.45,-9.45
q01,smac_hybrid_reeds_shepp,normalized,goal_y,5,5,1.0,-1.75,-1.75,-1.75,-1.75,0.0,-1.75,-1.75
q01,smac_hybrid_reeds_shepp,normalized,goal_yaw,5,5,1.0,-0.736,-0.736,-0.736,-0.736,0.0,-0.736,-0.736
q01,smac_hybrid_reeds_shepp,normalized,result_detail,0,5,1.0,,,,,,,
q01,smac_hybrid_reeds_shepp,normalized,cpu_user_ms,5,5,1.0,10.0,28.0,29.6,16.0,8.94427190999916,10.0,30.0
q01,smac_hybrid_reeds_shepp,normalized,cpu_system_ms,5,5,1.0,0.0,0.0,0.0,0.0,0.0,0.0,0.0
q01,smac_hybrid_reeds_shepp,normalized,planner_rss_before_bytes,5,5,1.0,126971904.0,126971904.0,126971904.0,126966169.6,12822.508210174794,126943232.0,126971904.0
q01,smac_hybrid_reeds_shepp,normalized,planner_pss_before_bytes,5,5,1.0,91371520.0,91371520.0,91371520.0,91365785.6,12822.508210174794,91342848.0,91371520.0
q01,smac_hybrid_reeds_shepp,normalized,stack_rss_before_bytes,5,5,1.0,237273088.0,237273088.0,237273088.0,237267353.6,12822.508210174794,237244416.0,237273088.0
q01,smac_hybrid_reeds_shepp,normalized,stack_pss_before_bytes,5,5,1.0,135959552.0,135959552.0,135959552.0,135953817.6,12822.508210174794,135930880.0,135959552.0
q01,smac_hybrid_reeds_shepp,normalized,sample_interval_ms,5,5,1.0,10.0,10.0,10.0,10.0,0.0,10.0,10.0
q01,smac_hybrid_reeds_shepp,normalized,path_point_count,5,5,1.0,354.0,354.0,354.0,354.0,0.0,354.0,354.0
q01,smac_hybrid_reeds_shepp,normalized,resource_error,0,5,1.0,,,,,,,
q01,smac_hybrid_reeds_shepp,normalized,path_length_m,5,5,1.0,35.42352111759229,35.42352111759229,35.42352111759229,35.42352111759229,0.0,35.42352111759229,35.42352111759229
q01,smac_hybrid_reeds_shepp,normalized,euclidean_distance_m,5,5,1.0,24.42478249647272,24.42478249647272,24.42478249647272,24.42478249647272,0.0,24.42478249647272,24.42478249647272
q01,smac_hybrid_reeds_shepp,normalized,length_over_euclidean,5,5,1.0,1.4503106065615097,1.4503106065615097,1.4503106065615097,1.4503106065615097,0.0,1.4503106065615097,1.4503106065615097
q01,smac_hybrid_reeds_shepp,normalized,length_over_navfn,0,5,1.0,,,,,,,
q01,smac_hybrid_reeds_shepp,normalized,length_over_shortest_observed_valid,0,5,1.0,,,,,,,
q01,smac_hybrid_reeds_shepp,normalized,minimum_clearance_m,5,5,1.0,0.2598449885845184,0.2598449885845184,0.2598449885845184,0.2598449885845184,0.0,0.2598449885845184,0.2598449885845184
q01,smac_hybrid_reeds_shepp,normalized,clearance_p05_m,5,5,1.0,0.4695349633693695,0.4695349633693695,0.4695349633693695,0.4695349633693695,0.0,0.4695349633693695,0.4695349633693695
q01,smac_hybrid_reeds_shepp,normalized,clearance_p50_m,5,5,1.0,0.9287598729133606,0.9287598729133606,0.9287598729133606,0.9287598729133606,0.0,0.9287598729133606,0.9287598729133606
q01,smac_hybrid_reeds_shepp,normalized,footprint_collision_count,5,5,1.0,1.0,1.0,1.0,1.0,0.0,1.0,1.0
q01,smac_hybrid_reeds_shepp,normalized,footprint_collision_length_m,5,5,1.0,0.0243004901831272,0.0243004901831272,0.0243004901831272,0.0243004901831272,0.0,0.0243004901831272,0.0243004901831272
q01,smac_hybrid_reeds_shepp,normalized,heading_change_p95_rad,5,5,1.0,0.0519380603080357,0.0519380603080357,0.0519380603080357,0.0519380603080357,0.0,0.0519380603080357,0.0519380603080357
q01,smac_hybrid_reeds_shepp,normalized,heading_change_max_rad,5,5,1.0,0.0608356219313326,0.0608356219313326,0.0608356219313326,0.06083562193133261,7.757919228897728e-18,0.0608356219313326,0.0608356219313326
q01,smac_hybrid_reeds_shepp,normalized,curvature_p95_per_m,5,5,1.0,1.9731171594778447,1.9731171594778447,1.9731171594778447,1.973117159477845,2.482534153247273e-16,1.9731171594778447,1.9731171594778447
q01,smac_hybrid_reeds_shepp,normalized,curvature_max_per_m,5,5,1.0,95.2906944241752,95.2906944241752,95.2906944241752,95.2906944241752,0.0,95.2906944241752,95.2906944241752
q01,smac_hybrid_reeds_shepp,normalized,preferred_radius_violation_count,5,5,1.0,73.0,73.0,73.0,73.0,0.0,73.0,73.0
q01,smac_hybrid_reeds_shepp,normalized,in_place_rotation_count,5,5,1.0,0.0,0.0,0.0,0.0,0.0,0.0,0.0
q01,smac_hybrid_reeds_shepp,normalized,reverse_distance_m,5,5,1.0,1.490180788425769,1.490180788425769,1.490180788425769,1.490180788425769,0.0,1.490180788425769,1.490180788425769
q01,smac_hybrid_reeds_shepp,normalized,reverse_ratio,5,5,1.0,0.0420675512035901,0.0420675512035901,0.0420675512035901,0.0420675512035901,0.0,0.0420675512035901,0.0420675512035901
q01,smac_hybrid_reeds_shepp,normalized,direction_switch_count,5,5,1.0,2.0,2.0,2.0,2.0,0.0,2.0,2.0
q01,smac_hybrid_reeds_shepp,normalized,goal_position_error_m,5,5,1.0,0.0353546146604621,0.0353546146604621,0.0353546146604621,0.0353546146604621,0.0,0.0353546146604621,0.0353546146604621
q01,smac_hybrid_reeds_shepp,normalized,goal_yaw_error_rad,5,5,1.0,0.0378686135662631,0.0378686135662631,0.0378686135662631,0.0378686135662631,0.0,0.0378686135662631,0.0378686135662631
q02,smac_hybrid_reeds_shepp,normalized,planning_time_ms,5,5,1.0,22.385988,23.6368794,23.78956068,21.6715152,2.0283518601982498,18.752248,23.827731
q02,smac_hybrid_reeds_shepp,normalized,wall_time_ms,5,5,1.0,35.387024,36.7118868,36.84574776,34.990703800000006,1.8375460875720104,32.075452,36.879213
q02,smac_hybrid_reeds_shepp,normalized,cpu_total_ms,5,5,1.0,20.0,30.0,30.0,24.0,5.477225575051661,20.0,30.0
q02,smac_hybrid_reeds_shepp,normalized,cpu_percent,5,5,1.0,62.35297946853563,82.85723193010037,83.15935065991476,68.2614557809414,13.005224554764807,56.517891982100565,83.23488034236837
q02,smac_hybrid_reeds_shepp,normalized,planner_rss_peak_bytes,5,5,1.0,126963712.0,126963712.0,126963712.0,126963712.0,0.0,126963712.0,126963712.0
q02,smac_hybrid_reeds_shepp,normalized,planner_pss_peak_bytes,5,5,1.0,91385856.0,91385856.0,91385856.0,91385856.0,0.0,91385856.0,91385856.0
q02,smac_hybrid_reeds_shepp,normalized,stack_rss_peak_bytes,5,5,1.0,237371392.0,237371392.0,237371392.0,237371392.0,0.0,237371392.0,237371392.0
q02,smac_hybrid_reeds_shepp,normalized,stack_pss_peak_bytes,5,5,1.0,136003584.0,136003584.0,136003584.0,136003584.0,0.0,136003584.0,136003584.0
q02,smac_hybrid_reeds_shepp,normalized,repetition,5,5,1.0,3.0,4.8,4.96,3.0,1.5811388300841898,1.0,5.0
q02,smac_hybrid_reeds_shepp,normalized,start_x,5,5,1.0,-4.55,-4.55,-4.55,-4.55,0.0,-4.55,-4.55
q02,smac_hybrid_reeds_shepp,normalized,start_y,5,5,1.0,-7.55,-7.55,-7.55,-7.55,0.0,-7.55,-7.55
q02,smac_hybrid_reeds_shepp,normalized,start_yaw,5,5,1.0,-0.633,-0.633,-0.633,-0.633,0.0,-0.633,-0.633
q02,smac_hybrid_reeds_shepp,normalized,goal_x,5,5,1.0,7.85,7.85,7.85,7.85,0.0,7.85,7.85
q02,smac_hybrid_reeds_shepp,normalized,goal_y,5,5,1.0,-16.65,-16.65,-16.65,-16.65,0.0,-16.65,-16.65
q02,smac_hybrid_reeds_shepp,normalized,goal_yaw,5,5,1.0,2.508,2.508,2.508,2.508,0.0,2.508,2.508
q02,smac_hybrid_reeds_shepp,normalized,result_detail,0,5,1.0,,,,,,,
q02,smac_hybrid_reeds_shepp,normalized,cpu_user_ms,5,5,1.0,20.0,30.0,30.0,24.0,5.477225575051661,20.0,30.0
q02,smac_hybrid_reeds_shepp,normalized,cpu_system_ms,5,5,1.0,0.0,0.0,0.0,0.0,0.0,0.0,0.0
q02,smac_hybrid_reeds_shepp,normalized,planner_rss_before_bytes,5,5,1.0,126963712.0,126963712.0,126963712.0,126958796.8,10990.721323006966,126939136.0,126963712.0
q02,smac_hybrid_reeds_shepp,normalized,planner_pss_before_bytes,5,5,1.0,91385856.0,91385856.0,91385856.0,91380940.8,10990.721323006966,91361280.0,91385856.0
q02,smac_hybrid_reeds_shepp,normalized,stack_rss_before_bytes,5,5,1.0,237371392.0,237371392.0,237371392.0,237366476.8,10990.721323006968,237346816.0,237371392.0
q02,smac_hybrid_reeds_shepp,normalized,stack_pss_before_bytes,5,5,1.0,136003584.0,136003584.0,136003584.0,135998668.8,10990.721323006968,135979008.0,136003584.0
q02,smac_hybrid_reeds_shepp,normalized,sample_interval_ms,5,5,1.0,10.0,10.0,10.0,10.0,0.0,10.0,10.0
q02,smac_hybrid_reeds_shepp,normalized,path_point_count,5,5,1.0,295.0,295.0,295.0,295.0,0.0,295.0,295.0
q02,smac_hybrid_reeds_shepp,normalized,resource_error,0,5,1.0,,,,,,,
q02,smac_hybrid_reeds_shepp,normalized,path_length_m,5,5,1.0,28.90675713973095,28.90675713973095,28.90675713973095,28.90675713973095,0.0,28.90675713973095,28.90675713973095
q02,smac_hybrid_reeds_shepp,normalized,euclidean_distance_m,5,5,1.0,15.380832227158578,15.380832227158578,15.380832227158578,15.380832227158578,0.0,15.380832227158578,15.380832227158578
q02,smac_hybrid_reeds_shepp,normalized,length_over_euclidean,5,5,1.0,1.8794013687171676,1.8794013687171676,1.8794013687171676,1.8794013687171678,2.482534153247273e-16,1.8794013687171676,1.8794013687171676
q02,smac_hybrid_reeds_shepp,normalized,length_over_navfn,0,5,1.0,,,,,,,
q02,smac_hybrid_reeds_shepp,normalized,length_over_shortest_observed_valid,5,5,1.0,1.0,1.0,1.0,1.0,0.0,1.0,1.0
q02,smac_hybrid_reeds_shepp,normalized,minimum_clearance_m,5,5,1.0,0.4199999868869781,0.4199999868869781,0.4199999868869781,0.41999998688697804,6.206335383118183e-17,0.4199999868869781,0.4199999868869781
q02,smac_hybrid_reeds_shepp,normalized,clearance_p05_m,5,5,1.0,0.5,0.5,0.5,0.5,0.0,0.5,0.5
q02,smac_hybrid_reeds_shepp,normalized,clearance_p50_m,5,5,1.0,0.949999988079071,0.949999988079071,0.949999988079071,0.949999988079071,0.0,0.949999988079071,0.949999988079071
q02,smac_hybrid_reeds_shepp,normalized,footprint_collision_count,5,5,1.0,0.0,0.0,0.0,0.0,0.0,0.0,0.0
q02,smac_hybrid_reeds_shepp,normalized,footprint_collision_length_m,5,5,1.0,0.0,0.0,0.0,0.0,0.0,0.0,0.0
q02,smac_hybrid_reeds_shepp,normalized,heading_change_p95_rad,5,5,1.0,0.0335213648185832,0.0335213648185832,0.0335213648185832,0.0335213648185832,0.0,0.0335213648185832,0.0335213648185832
q02,smac_hybrid_reeds_shepp,normalized,heading_change_max_rad,5,5,1.0,0.059690092239462,0.059690092239462,0.059690092239462,0.059690092239462,0.0,0.059690092239462,0.059690092239462
q02,smac_hybrid_reeds_shepp,normalized,curvature_p95_per_m,5,5,1.0,1.3967437060754149,1.3967437060754149,1.3967437060754149,1.3967437060754149,0.0,1.3967437060754149,1.3967437060754149
q02,smac_hybrid_reeds_shepp,normalized,curvature_max_per_m,5,5,1.0,12.499999999999734,12.499999999999734,12.499999999999734,12.499999999999734,0.0,12.499999999999734,12.499999999999734
q02,smac_hybrid_reeds_shepp,normalized,preferred_radius_violation_count,5,5,1.0,50.0,50.0,50.0,50.0,0.0,50.0,50.0
q02,smac_hybrid_reeds_shepp,normalized,in_place_rotation_count,5,5,1.0,0.0,0.0,0.0,0.0,0.0,0.0,0.0
q02,smac_hybrid_reeds_shepp,normalized,reverse_distance_m,5,5,1.0,0.0,0.0,0.0,0.0,0.0,0.0,0.0
q02,smac_hybrid_reeds_shepp,normalized,reverse_ratio,5,5,1.0,0.0,0.0,0.0,0.0,0.0,0.0,0.0
q02,smac_hybrid_reeds_shepp,normalized,direction_switch_count,5,5,1.0,0.0,0.0,0.0,0.0,0.0,0.0,0.0
q02,smac_hybrid_reeds_shepp,normalized,goal_position_error_m,5,5,1.0,0.0353545893732027,0.0353545893732027,0.0353545893732027,0.0353545893732027,0.0,0.0353545893732027,0.0353545893732027
q02,smac_hybrid_reeds_shepp,normalized,goal_yaw_error_rad,5,5,1.0,0.0227276248931884,0.0227276248931884,0.0227276248931884,0.0227276248931884,0.0,0.0227276248931884,0.0227276248931884
q03,smac_hybrid_reeds_shepp,normalized,planning_time_ms,5,5,1.0,28.90782,30.433196600000002,30.56231212,29.174523000000004,1.0350103394181625,27.929918,30.594591
q03,smac_hybrid_reeds_shepp,normalized,wall_time_ms,5,5,1.0,49.108022,52.4106898,52.77874996,49.7534732,2.013198031966602,48.074173,52.870765
q03,smac_hybrid_reeds_shepp,normalized,cpu_total_ms,5,5,1.0,40.0,40.0,40.0,36.0,5.477225575051661,30.0,40.0
q03,smac_hybrid_reeds_shepp,normalized,cpu_percent,5,5,1.0,79.09767116879407,82.85442500368407,83.13469255703112,72.56213801086123,12.148499324794379,56.74213338883976,83.20475944536788
q03,smac_hybrid_reeds_shepp,normalized,planner_rss_peak_bytes,5,5,1.0,130273280.0,131547136.0,131547136.0,130591948.8,894736.4878595262,129728512.0,131547136.0
q03,smac_hybrid_reeds_shepp,normalized,planner_pss_peak_bytes,5,5,1.0,94746624.0,96016384.0,96016384.0,95062016.0,894373.5821500991,94197760.0,96016384.0
q03,smac_hybrid_reeds_shepp,normalized,stack_rss_peak_bytes,5,5,1.0,240627712.0,241901568.0,241901568.0,240947200.0,893904.4935830673,240082944.0,241901568.0
q03,smac_hybrid_reeds_shepp,normalized,stack_pss_peak_bytes,5,5,1.0,139315200.0,140589056.0,140589056.0,139634688.0,893904.4935830673,138770432.0,140589056.0
q03,smac_hybrid_reeds_shepp,normalized,repetition,5,5,1.0,3.0,4.8,4.96,3.0,1.5811388300841898,1.0,5.0
q03,smac_hybrid_reeds_shepp,normalized,start_x,5,5,1.0,7.55,7.55,7.55,7.55,0.0,7.55,7.55
q03,smac_hybrid_reeds_shepp,normalized,start_y,5,5,1.0,-32.75,-32.75,-32.75,-32.75,0.0,-32.75,-32.75
q03,smac_hybrid_reeds_shepp,normalized,start_yaw,5,5,1.0,1.477,1.477,1.477,1.477,0.0,1.477,1.477
q03,smac_hybrid_reeds_shepp,normalized,goal_x,5,5,1.0,10.85,10.85,10.85,10.85,0.0,10.85,10.85
q03,smac_hybrid_reeds_shepp,normalized,goal_y,5,5,1.0,2.15,2.15,2.15,2.15,0.0,2.15,2.15
q03,smac_hybrid_reeds_shepp,normalized,goal_yaw,5,5,1.0,-1.665,-1.665,-1.665,-1.6649999999999998,2.482534153247273e-16,-1.665,-1.665
q03,smac_hybrid_reeds_shepp,normalized,result_detail,0,5,1.0,,,,,,,
q03,smac_hybrid_reeds_shepp,normalized,cpu_user_ms,5,5,1.0,30.0,40.0,40.0,34.0,5.477225575051661,30.0,40.0
q03,smac_hybrid_reeds_shepp,normalized,cpu_system_ms,5,5,1.0,0.0,7.999999999999998,9.6,2.0,4.47213595499958,0.0,10.0
q03,smac_hybrid_reeds_shepp,normalized,planner_rss_before_bytes,5,5,1.0,130269184.0,131292364.8,131496181.76,130308505.6,744067.4592728807,129724416.0,131547136.0
q03,smac_hybrid_reeds_shepp,normalized,planner_pss_before_bytes,5,5,1.0,94738432.0,95761612.8,95965429.76,94777753.6,744067.4592728807,94193664.0,96016384.0
q03,smac_hybrid_reeds_shepp,normalized,stack_rss_before_bytes,5,5,1.0,240623616.0,241646796.8,241850613.76,240662937.6,744067.4592728807,240078848.0,241901568.0
q03,smac_hybrid_reeds_shepp,normalized,stack_pss_before_bytes,5,5,1.0,139311104.0,140334284.8,140538101.76,139350425.6,744067.4592728807,138766336.0,140589056.0
q03,smac_hybrid_reeds_shepp,normalized,sample_interval_ms,5,5,1.0,10.0,10.0,10.0,10.0,0.0,10.0,10.0
q03,smac_hybrid_reeds_shepp,normalized,path_point_count,5,5,1.0,511.0,511.0,511.0,511.0,0.0,511.0,511.0
q03,smac_hybrid_reeds_shepp,normalized,resource_error,0,5,1.0,,,,,,,
q03,smac_hybrid_reeds_shepp,normalized,path_length_m,5,5,1.0,51.463592791944365,51.463592791944365,51.463592791944365,51.46359279194437,7.944109290391274e-15,51.463592791944365,51.463592791944365
q03,smac_hybrid_reeds_shepp,normalized,euclidean_distance_m,5,5,1.0,35.05567001213926,35.05567001213926,35.05567001213926,35.05567001213926,0.0,35.05567001213926,35.05567001213926
q03,smac_hybrid_reeds_shepp,normalized,length_over_euclidean,5,5,1.0,1.4680533213064615,1.4680533213064615,1.4680533213064615,1.4680533213064615,0.0,1.4680533213064615,1.4680533213064615
q03,smac_hybrid_reeds_shepp,normalized,length_over_navfn,0,5,1.0,,,,,,,
q03,smac_hybrid_reeds_shepp,normalized,length_over_shortest_observed_valid,5,5,1.0,1.0,1.0,1.0,1.0,0.0,1.0,1.0
q03,smac_hybrid_reeds_shepp,normalized,minimum_clearance_m,5,5,1.0,0.3995350003242492,0.3995350003242492,0.3995350003242492,0.3995350003242492,0.0,0.3995350003242492,0.3995350003242492
q03,smac_hybrid_reeds_shepp,normalized,clearance_p05_m,5,5,1.0,0.509844958782196,0.509844958782196,0.509844958782196,0.509844958782196,0.0,0.509844958782196,0.509844958782196
q03,smac_hybrid_reeds_shepp,normalized,clearance_p50_m,5,5,1.0,0.699999988079071,0.699999988079071,0.699999988079071,0.699999988079071,0.0,0.699999988079071,0.699999988079071
q03,smac_hybrid_reeds_shepp,normalized,footprint_collision_count,5,5,1.0,0.0,0.0,0.0,0.0,0.0,0.0,0.0
q03,smac_hybrid_reeds_shepp,normalized,footprint_collision_length_m,5,5,1.0,0.0,0.0,0.0,0.0,0.0,0.0,0.0
q03,smac_hybrid_reeds_shepp,normalized,heading_change_p95_rad,5,5,1.0,0.0205165022286383,0.0205165022286383,0.0205165022286383,0.0205165022286383,0.0,0.0205165022286383,0.0205165022286383
q03,smac_hybrid_reeds_shepp,normalized,heading_change_max_rad,5,5,1.0,0.0604792443942434,0.0604792443942434,0.0604792443942434,0.0604792443942434,0.0,0.0604792443942434,0.0604792443942434
q03,smac_hybrid_reeds_shepp,normalized,curvature_p95_per_m,5,5,1.0,1.459613767659632,1.459613767659632,1.459613767659632,1.459613767659632,0.0,1.459613767659632,1.459613767659632
q03,smac_hybrid_reeds_shepp,normalized,curvature_max_per_m,5,5,1.0,94.95059086006508,94.95059086006508,94.95059086006508,94.95059086006508,0.0,94.95059086006508,94.95059086006508
q03,smac_hybrid_reeds_shepp,normalized,preferred_radius_violation_count,5,5,1.0,61.0,61.0,61.0,61.0,0.0,61.0,61.0
q03,smac_hybrid_reeds_shepp,normalized,in_place_rotation_count,5,5,1.0,0.0,0.0,0.0,0.0,0.0,0.0,0.0
q03,smac_hybrid_reeds_shepp,normalized,reverse_distance_m,5,5,1.0,0.496437427976621,0.496437427976621,0.496437427976621,0.49643742797662094,6.206335383118183e-17,0.496437427976621,0.496437427976621
q03,smac_hybrid_reeds_shepp,normalized,reverse_ratio,5,5,1.0,0.0096463810831009,0.0096463810831009,0.0096463810831009,0.0096463810831009,0.0,0.0096463810831009,0.0096463810831009
q03,smac_hybrid_reeds_shepp,normalized,direction_switch_count,5,5,1.0,2.0,2.0,2.0,2.0,0.0,2.0,2.0
q03,smac_hybrid_reeds_shepp,normalized,goal_position_error_m,5,5,1.0,0.0353543596720536,0.0353543596720536,0.0353543596720536,0.0353543596720536,0.0,0.0353543596720536,0.0353543596720536
q03,smac_hybrid_reeds_shepp,normalized,goal_yaw_error_rad,5,5,1.0,0.006937239970072,0.006937239970072,0.006937239970072,0.006937239970072,0.0,0.006937239970072,0.006937239970072
q04,smac_hybrid_reeds_shepp,normalized,planning_time_ms,5,5,1.0,99.867377,126.21946559999999,130.86455232,105.73600180000001,14.94485627416464,95.481562,132.025824
q04,smac_hybrid_reeds_shepp,normalized,wall_time_ms,5,5,1.0,114.947592,141.63030239999998,146.31142848,120.9132114,15.117372297697399,110.378699,147.48171
q04,smac_hybrid_reeds_shepp,normalized,cpu_total_ms,5,5,1.0,110.0,126.0,129.2,109.99999999999982,12.247448713916079,99.99999999999908,130.0
q04,smac_hybrid_reeds_shepp,normalized,cpu_percent,5,5,1.0,90.5971903147726,96.11887834481716,96.73401706192676,91.134173597699,3.9713365935510727,86.99616778400986,96.88780174120416
q04,smac_hybrid_reeds_shepp,normalized,planner_rss_peak_bytes,5,5,1.0,146530304.0,146530304.0,146530304.0,146527846.4,3663.5737743356553,146522112.0,146530304.0
q04,smac_hybrid_reeds_shepp,normalized,planner_pss_peak_bytes,5,5,1.0,110871552.0,110871552.0,110871552.0,110869094.4,3663.5737743356553,110863360.0,110871552.0
q04,smac_hybrid_reeds_shepp,normalized,stack_rss_peak_bytes,5,5,1.0,256942080.0,256942080.0,256942080.0,256939622.4,3663.5737743356553,256933888.0,256942080.0
q04,smac_hybrid_reeds_shepp,normalized,stack_pss_peak_bytes,5,5,1.0,155451392.0,155451392.0,155451392.0,155448934.4,3663.5737743356553,155443200.0,155451392.0
q04,smac_hybrid_reeds_shepp,normalized,repetition,5,5,1.0,3.0,4.8,4.96,3.0,1.5811388300841898,1.0,5.0
q04,smac_hybrid_reeds_shepp,normalized,start_x,5,5,1.0,9.35,9.35,9.35,9.35,0.0,9.35,9.35
q04,smac_hybrid_reeds_shepp,normalized,start_y,5,5,1.0,-7.85,-7.85,-7.85,-7.85,0.0,-7.85,-7.85
q04,smac_hybrid_reeds_shepp,normalized,start_yaw,5,5,1.0,1.722,1.722,1.722,1.722,0.0,1.722,1.722
q04,smac_hybrid_reeds_shepp,normalized,goal_x,5,5,1.0,5.35,5.35,5.35,5.35,0.0,5.35,5.35
q04,smac_hybrid_reeds_shepp,normalized,goal_y,5,5,1.0,18.45,18.45,18.45,18.45,0.0,18.45,18.45
q04,smac_hybrid_reeds_shepp,normalized,goal_yaw,5,5,1.0,-1.42,-1.42,-1.42,-1.42,0.0,-1.42,-1.42
q04,smac_hybrid_reeds_shepp,normalized,result_detail,0,5,1.0,,,,,,,
q04,smac_hybrid_reeds_shepp,normalized,cpu_user_ms,5,5,1.0,100.0,126.0,129.2,107.99999999999982,13.038404810405439,99.99999999999908,130.0
q04,smac_hybrid_reeds_shepp,normalized,cpu_system_ms,5,5,1.0,0.0,7.999999999999998,9.6,2.0,4.47213595499958,0.0,10.0
q04,smac_hybrid_reeds_shepp,normalized,planner_rss_before_bytes,5,5,1.0,146526208.0,146530304.0,146530304.0,146521292.8,13707.837874734292,146497536.0,146530304.0
q04,smac_hybrid_reeds_shepp,normalized,planner_pss_before_bytes,5,5,1.0,110867456.0,110871552.0,110871552.0,110862540.8,13707.837874734294,110838784.0,110871552.0
q04,smac_hybrid_reeds_shepp,normalized,stack_rss_before_bytes,5,5,1.0,256937984.0,256942080.0,256942080.0,256933068.8,13707.837874734292,256909312.0,256942080.0
q04,smac_hybrid_reeds_shepp,normalized,stack_pss_before_bytes,5,5,1.0,155447296.0,155451392.0,155451392.0,155442380.8,13707.837874734292,155418624.0,155451392.0
q04,smac_hybrid_reeds_shepp,normalized,sample_interval_ms,5,5,1.0,10.0,10.0,10.0,10.0,0.0,10.0,10.0
q04,smac_hybrid_reeds_shepp,normalized,path_point_count,5,5,1.0,320.0,320.0,320.0,320.0,0.0,320.0,320.0
q04,smac_hybrid_reeds_shepp,normalized,resource_error,0,5,1.0,,,,,,,
q04,smac_hybrid_reeds_shepp,normalized,path_length_m,5,5,1.0,31.827476164194312,31.827476164194312,31.827476164194312,31.827476164194316,3.972054645195637e-15,31.827476164194312,31.827476164194312
q04,smac_hybrid_reeds_shepp,normalized,euclidean_distance_m,5,5,1.0,26.602443496791796,26.602443496791796,26.602443496791796,26.602443496791796,0.0,26.602443496791796,26.602443496791796
q04,smac_hybrid_reeds_shepp,normalized,length_over_euclidean,5,5,1.0,1.196411756988889,1.196411756988889,1.196411756988889,1.196411756988889,0.0,1.196411756988889,1.196411756988889
q04,smac_hybrid_reeds_shepp,normalized,length_over_navfn,0,5,1.0,,,,,,,
q04,smac_hybrid_reeds_shepp,normalized,length_over_shortest_observed_valid,5,5,1.0,1.0,1.0,1.0,1.0,0.0,1.0,1.0
q04,smac_hybrid_reeds_shepp,normalized,minimum_clearance_m,5,5,1.0,0.4000000059604645,0.4000000059604645,0.4000000059604645,0.4000000059604645,0.0,0.4000000059604645,0.4000000059604645
q04,smac_hybrid_reeds_shepp,normalized,clearance_p05_m,5,5,1.0,0.5298449397087097,0.5298449397087097,0.5298449397087097,0.5298449397087097,0.0,0.5298449397087097,0.5298449397087097
q04,smac_hybrid_reeds_shepp,normalized,clearance_p50_m,5,5,1.0,0.9098449945449828,0.9098449945449828,0.9098449945449828,0.9098449945449827,1.2412670766236366e-16,0.9098449945449828,0.9098449945449828
q04,smac_hybrid_reeds_shepp,normalized,footprint_collision_count,5,5,1.0,0.0,0.0,0.0,0.0,0.0,0.0,0.0
q04,smac_hybrid_reeds_shepp,normalized,footprint_collision_length_m,5,5,1.0,0.0,0.0,0.0,0.0,0.0,0.0,0.0
q04,smac_hybrid_reeds_shepp,normalized,heading_change_p95_rad,5,5,1.0,0.0521762563675078,0.0521762563675078,0.0521762563675078,0.0521762563675078,0.0,0.0521762563675078,0.0521762563675078
q04,smac_hybrid_reeds_shepp,normalized,heading_change_max_rad,5,5,1.0,0.0611339879094021,0.0611339879094021,0.0611339879094021,0.061133987909402096,7.757919228897728e-18,0.0611339879094021,0.0611339879094021
q04,smac_hybrid_reeds_shepp,normalized,curvature_p95_per_m,5,5,1.0,1.3269420542882064,1.3269420542882064,1.3269420542882064,1.3269420542882064,0.0,1.3269420542882064,1.3269420542882064
q04,smac_hybrid_reeds_shepp,normalized,curvature_max_per_m,5,5,1.0,95.10727842349353,95.10727842349353,95.10727842349353,95.10727842349353,0.0,95.10727842349353,95.10727842349353
q04,smac_hybrid_reeds_shepp,normalized,preferred_radius_violation_count,5,5,1.0,42.0,42.0,42.0,42.0,0.0,42.0,42.0
q04,smac_hybrid_reeds_shepp,normalized,in_place_rotation_count,5,5,1.0,0.0,0.0,0.0,0.0,0.0,0.0,0.0
q04,smac_hybrid_reeds_shepp,normalized,reverse_distance_m,5,5,1.0,2.426961584956201,2.426961584956201,2.426961584956201,2.426961584956201,0.0,2.426961584956201,2.426961584956201
q04,smac_hybrid_reeds_shepp,normalized,reverse_ratio,5,5,1.0,0.0762536612213856,0.0762536612213856,0.0762536612213856,0.0762536612213856,0.0,0.0762536612213856,0.0762536612213856
q04,smac_hybrid_reeds_shepp,normalized,direction_switch_count,5,5,1.0,2.0,2.0,2.0,2.0,0.0,2.0,2.0
q04,smac_hybrid_reeds_shepp,normalized,goal_position_error_m,5,5,1.0,0.0353542458757128,0.0353542458757128,0.0353542458757128,0.0353542458757128,0.0,0.0353542458757128,0.0353542458757128
q04,smac_hybrid_reeds_shepp,normalized,goal_yaw_error_rad,5,5,1.0,0.0237370522869664,0.0237370522869664,0.0237370522869664,0.0237370522869664,0.0,0.0237370522869664,0.0237370522869664
q05,smac_hybrid_reeds_shepp,normalized,planning_time_ms,5,5,1.0,18.902007,23.9449926,24.45403932,20.190593999999997,2.814917482008487,18.017514,24.581301
q05,smac_hybrid_reeds_shepp,normalized,wall_time_ms,5,5,1.0,31.710945,34.4164502,34.66901084,31.8529952,2.4476799121251953,28.129506,34.732151
q05,smac_hybrid_reeds_shepp,normalized,cpu_total_ms,5,5,1.0,20.0,20.0,20.0,20.0,0.0,20.0,20.0
q05,smac_hybrid_reeds_shepp,normalized,cpu_percent,5,5,1.0,63.06970668959882,69.56259606742191,70.79229520386261,63.098449895486496,5.055345209686498,57.58353405753649,71.09971998797278
q05,smac_hybrid_reeds_shepp,normalized,planner_rss_peak_bytes,5,5,1.0,128692224.0,129662156.8,129856143.36,128757760.0,742088.4974071488,127823872.0,129904640.0
q05,smac_hybrid_reeds_shepp,normalized,planner_pss_peak_bytes,5,5,1.0,93064192.0,94034124.8,94228111.36,93129728.0,742088.4974071488,92195840.0,94276608.0
q05,smac_hybrid_reeds_shepp,normalized,stack_rss_peak_bytes,5,5,1.0,239034368.0,240004300.8,240198287.36,239099904.0,742088.4974071488,238166016.0,240246784.0
q05,smac_hybrid_reeds_shepp,normalized,stack_pss_peak_bytes,5,5,1.0,137733120.0,138703052.8,138897039.36,137798656.0,742088.4974071488,136864768.0,138945536.0
q05,smac_hybrid_reeds_shepp,normalized,repetition,5,5,1.0,3.0,4.8,4.96,3.0,1.5811388300841898,1.0,5.0
q05,smac_hybrid_reeds_shepp,normalized,start_x,5,5,1.0,-2.85,-2.85,-2.85,-2.85,0.0,-2.85,-2.85
q05,smac_hybrid_reeds_shepp,normalized,start_y,5,5,1.0,-27.25,-27.25,-27.25,-27.25,0.0,-27.25,-27.25
q05,smac_hybrid_reeds_shepp,normalized,start_yaw,5,5,1.0,2.91,2.91,2.91,2.91,0.0,2.91,2.91
q05,smac_hybrid_reeds_shepp,normalized,goal_x,5,5,1.0,11.15,11.15,11.15,11.15,0.0,11.15,11.15
q05,smac_hybrid_reeds_shepp,normalized,goal_y,5,5,1.0,-30.55,-30.55,-30.55,-30.55,0.0,-30.55,-30.55
q05,smac_hybrid_reeds_shepp,normalized,goal_yaw,5,5,1.0,2.91,2.91,2.91,2.91,0.0,2.91,2.91
q05,smac_hybrid_reeds_shepp,normalized,result_detail,0,5,1.0,,,,,,,
q05,smac_hybrid_reeds_shepp,normalized,cpu_user_ms,5,5,1.0,20.0,20.0,20.0,20.0,0.0,20.0,20.0
q05,smac_hybrid_reeds_shepp,normalized,cpu_system_ms,5,5,1.0,0.0,0.0,0.0,0.0,0.0,0.0,0.0
q05,smac_hybrid_reeds_shepp,normalized,planner_rss_before_bytes,5,5,1.0,128024576.0,128688947.2,128691568.64,127968870.4,843435.9237006685,126627840.0,128692224.0
q05,smac_hybrid_reeds_shepp,normalized,planner_pss_before_bytes,5,5,1.0,92396544.0,93060915.2,93063536.64,92340838.4,843435.9237006685,90999808.0,93064192.0
q05,smac_hybrid_reeds_shepp,normalized,stack_rss_before_bytes,5,5,1.0,238366720.0,239031091.2,239033712.64,238311014.4,843435.9237006685,236969984.0,239034368.0
q05,smac_hybrid_reeds_shepp,normalized,stack_pss_before_bytes,5,5,1.0,137065472.0,137729843.2,137732464.64,137009766.4,843435.9237006685,135668736.0,137733120.0
q05,smac_hybrid_reeds_shepp,normalized,sample_interval_ms,5,5,1.0,10.0,10.0,10.0,10.0,0.0,10.0,10.0
q05,smac_hybrid_reeds_shepp,normalized,path_point_count,5,5,1.0,174.0,174.0,174.0,174.0,0.0,174.0,174.0
q05,smac_hybrid_reeds_shepp,normalized,resource_error,0,5,1.0,,,,,,,
q05,smac_hybrid_reeds_shepp,normalized,path_length_m,5,5,1.0,16.823690214585355,16.823690214585355,16.823690214585355,16.823690214585355,0.0,16.823690214585355,16.823690214585355
q05,smac_hybrid_reeds_shepp,normalized,euclidean_distance_m,5,5,1.0,14.38367129769031,14.38367129769031,14.38367129769031,14.38367129769031,0.0,14.38367129769031,14.38367129769031
q05,smac_hybrid_reeds_shepp,normalized,length_over_euclidean,5,5,1.0,1.1696381171674062,1.1696381171674062,1.1696381171674062,1.1696381171674062,0.0,1.1696381171674062,1.1696381171674062
q05,smac_hybrid_reeds_shepp,normalized,length_over_navfn,0,5,1.0,,,,,,,
q05,smac_hybrid_reeds_shepp,normalized,length_over_shortest_observed_valid,5,5,1.0,1.0,1.0,1.0,1.0,0.0,1.0,1.0
q05,smac_hybrid_reeds_shepp,normalized,minimum_clearance_m,5,5,1.0,0.3598450124263763,0.3598450124263763,0.3598450124263763,0.3598450124263763,0.0,0.3598450124263763,0.3598450124263763
q05,smac_hybrid_reeds_shepp,normalized,clearance_p05_m,5,5,1.0,0.4696899950504303,0.4696899950504303,0.4696899950504303,0.4696899950504303,0.0,0.4696899950504303,0.4696899950504303
q05,smac_hybrid_reeds_shepp,normalized,clearance_p50_m,5,5,1.0,0.7193799018859863,0.7193799018859863,0.7193799018859863,0.7193799018859863,0.0,0.7193799018859863,0.7193799018859863
q05,smac_hybrid_reeds_shepp,normalized,footprint_collision_count,5,5,1.0,0.0,0.0,0.0,0.0,0.0,0.0,0.0
q05,smac_hybrid_reeds_shepp,normalized,footprint_collision_length_m,5,5,1.0,0.0,0.0,0.0,0.0,0.0,0.0,0.0
q05,smac_hybrid_reeds_shepp,normalized,heading_change_p95_rad,5,5,1.0,0.0523696221290039,0.0523696221290039,0.0523696221290039,0.0523696221290039,0.0,0.0523696221290039,0.0523696221290039
q05,smac_hybrid_reeds_shepp,normalized,heading_change_max_rad,5,5,1.0,0.0596590615776357,0.0596590615776357,0.0596590615776357,0.059659061577635696,7.757919228897728e-18,0.0596590615776357,0.0596590615776357
q05,smac_hybrid_reeds_shepp,normalized,curvature_p95_per_m,5,5,1.0,1.5130858494477268,1.5130858494477268,1.5130858494477268,1.5130858494477268,0.0,1.5130858494477268,1.5130858494477268
q05,smac_hybrid_reeds_shepp,normalized,curvature_max_per_m,5,5,1.0,94.938022517532,94.938022517532,94.938022517532,94.938022517532,0.0,94.938022517532,94.938022517532
q05,smac_hybrid_reeds_shepp,normalized,preferred_radius_violation_count,5,5,1.0,35.0,35.0,35.0,35.0,0.0,35.0,35.0
q05,smac_hybrid_reeds_shepp,normalized,in_place_rotation_count,5,5,1.0,0.0,0.0,0.0,0.0,0.0,0.0,0.0
q05,smac_hybrid_reeds_shepp,normalized,reverse_distance_m,5,5,1.0,0.5258592222541281,0.5258592222541281,0.5258592222541281,0.5258592222541281,0.0,0.5258592222541281,0.5258592222541281
q05,smac_hybrid_reeds_shepp,normalized,reverse_ratio,5,5,1.0,0.0312570675961587,0.0312570675961587,0.0312570675961587,0.0312570675961587,0.0,0.0312570675961587,0.0312570675961587
q05,smac_hybrid_reeds_shepp,normalized,direction_switch_count,5,5,1.0,2.0,2.0,2.0,2.0,0.0,2.0,2.0
q05,smac_hybrid_reeds_shepp,normalized,goal_position_error_m,5,5,1.0,0.035354701064138,0.035354701064138,0.035354701064138,0.035354701064138,0.0,0.035354701064138,0.035354701064138
q05,smac_hybrid_reeds_shepp,normalized,goal_yaw_error_rad,5,5,1.0,0.0302065944671632,0.0302065944671632,0.0302065944671632,0.0302065944671632,0.0,0.0302065944671632,0.0302065944671632
q06,smac_hybrid_reeds_shepp,normalized,planning_time_ms,5,5,1.0,33.056505,35.8542924,36.34030168,33.3618656,1.869305115543287,31.625696,36.461804
q06,smac_hybrid_reeds_shepp,normalized,wall_time_ms,5,5,1.0,45.800854,49.114635799999995,49.64157436,46.3056462,2.0798324530494505,44.547296,49.773309
q06,smac_hybrid_reeds_shepp,normalized,cpu_total_ms,5,5,1.0,40.0,40.0,40.0,36.0,5.477225575051661,30.0,40.0
q06,smac_hybrid_reeds_shepp,normalized,cpu_percent,5,5,1.0,86.05862533006979,89.64049709356914,89.7618645926988,78.13174432007328,14.107758579282153,60.27326814859748,89.79220646748121
q06,smac_hybrid_reeds_shepp,normalized,planner_rss_peak_bytes,5,5,1.0,133595136.0,133595136.0,133595136.0,133437849.6,215548.4731302915,133189632.0,133595136.0
q06,smac_hybrid_reeds_shepp,normalized,planner_pss_peak_bytes,5,5,1.0,97975296.0,97975296.0,97975296.0,97818009.6,215548.4731302915,97569792.0,97975296.0
q06,smac_hybrid_reeds_shepp,normalized,stack_rss_peak_bytes,5,5,1.0,244011008.0,244011008.0,244011008.0,243853721.6,215548.4731302915,243605504.0,244011008.0
q06,smac_hybrid_reeds_shepp,normalized,stack_pss_peak_bytes,5,5,1.0,142560256.0,142560256.0,142560256.0,142402969.6,215548.4731302915,142154752.0,142560256.0
q06,smac_hybrid_reeds_shepp,normalized,repetition,5,5,1.0,3.0,4.8,4.96,3.0,1.5811388300841898,1.0,5.0
q06,smac_hybrid_reeds_shepp,normalized,start_x,5,5,1.0,-1.45,-1.45,-1.45,-1.45,0.0,-1.45,-1.45
q06,smac_hybrid_reeds_shepp,normalized,start_y,5,5,1.0,-33.55,-33.55,-33.55,-33.55,0.0,-33.55,-33.55
q06,smac_hybrid_reeds_shepp,normalized,start_yaw,5,5,1.0,-1.398,-1.398,-1.398,-1.398,0.0,-1.398,-1.398
q06,smac_hybrid_reeds_shepp,normalized,goal_x,5,5,1.0,-5.65,-5.65,-5.65,-5.65,0.0,-5.65,-5.65
q06,smac_hybrid_reeds_shepp,normalized,goal_y,5,5,1.0,-9.55,-9.55,-9.55,-9.55,0.0,-9.55,-9.55
q06,smac_hybrid_reeds_shepp,normalized,goal_yaw,5,5,1.0,-1.398,-1.398,-1.398,-1.398,0.0,-1.398,-1.398
q06,smac_hybrid_reeds_shepp,normalized,result_detail,0,5,1.0,,,,,,,
q06,smac_hybrid_reeds_shepp,normalized,cpu_user_ms,5,5,1.0,40.0,40.0,40.0,36.0,5.477225575051661,30.0,40.0
q06,smac_hybrid_reeds_shepp,normalized,cpu_system_ms,5,5,1.0,0.0,0.0,0.0,0.0,0.0,0.0,0.0
q06,smac_hybrid_reeds_shepp,normalized,planner_rss_before_bytes,5,5,1.0,133214208.0,133595136.0,133595136.0,133155225.6,578541.6945776683,132182016.0,133595136.0
q06,smac_hybrid_reeds_shepp,normalized,planner_pss_before_bytes,5,5,1.0,97594368.0,97975296.0,97975296.0,97535385.6,578541.6945776683,96562176.0,97975296.0
q06,smac_hybrid_reeds_shepp,normalized,stack_rss_before_bytes,5,5,1.0,243630080.0,244011008.0,244011008.0,243571097.6,578541.6945776683,242597888.0,244011008.0
q06,smac_hybrid_reeds_shepp,normalized,stack_pss_before_bytes,5,5,1.0,142179328.0,142560256.0,142560256.0,142120345.6,578541.6945776683,141147136.0,142560256.0
q06,smac_hybrid_reeds_shepp,normalized,sample_interval_ms,5,5,1.0,10.0,10.0,10.0,10.0,0.0,10.0,10.0
q06,smac_hybrid_reeds_shepp,normalized,path_point_count,5,5,1.0,272.0,272.0,272.0,272.0,0.0,272.0,272.0
q06,smac_hybrid_reeds_shepp,normalized,resource_error,0,5,1.0,,,,,,,
q06,smac_hybrid_reeds_shepp,normalized,path_length_m,5,5,1.0,26.8222904813882,26.8222904813882,26.8222904813882,26.8222904813882,0.0,26.8222904813882,26.8222904813882
q06,smac_hybrid_reeds_shepp,normalized,euclidean_distance_m,5,5,1.0,24.36472860509634,24.36472860509634,24.36472860509634,24.36472860509634,0.0,24.36472860509634,24.36472860509634
q06,smac_hybrid_reeds_shepp,normalized,length_over_euclidean,5,5,1.0,1.100865555127826,1.100865555127826,1.100865555127826,1.100865555127826,0.0,1.100865555127826,1.100865555127826
q06,smac_hybrid_reeds_shepp,normalized,length_over_navfn,0,5,1.0,,,,,,,
q06,smac_hybrid_reeds_shepp,normalized,length_over_shortest_observed_valid,5,5,1.0,1.0,1.0,1.0,1.0,0.0,1.0,1.0
q06,smac_hybrid_reeds_shepp,normalized,minimum_clearance_m,5,5,1.0,0.4899999797344208,0.4899999797344208,0.4899999797344208,0.4899999797344208,0.0,0.4899999797344208,0.4899999797344208
q06,smac_hybrid_reeds_shepp,normalized,clearance_p05_m,5,5,1.0,0.75,0.75,0.75,0.75,0.0,0.75,0.75
q06,smac_hybrid_reeds_shepp,normalized,clearance_p50_m,5,5,1.0,1.2000000476837158,1.2000000476837158,1.2000000476837158,1.2000000476837158,0.0,1.2000000476837158,1.2000000476837158
q06,smac_hybrid_reeds_shepp,normalized,footprint_collision_count,5,5,1.0,0.0,0.0,0.0,0.0,0.0,0.0,0.0
q06,smac_hybrid_reeds_shepp,normalized,footprint_collision_length_m,5,5,1.0,0.0,0.0,0.0,0.0,0.0,0.0,0.0
q06,smac_hybrid_reeds_shepp,normalized,heading_change_p95_rad,5,5,1.0,0.0514362971815058,0.0514362971815058,0.0514362971815058,0.051436297181505795,7.757919228897728e-18,0.0514362971815058,0.0514362971815058
q06,smac_hybrid_reeds_shepp,normalized,heading_change_max_rad,5,5,1.0,0.060165005631017,0.060165005631017,0.060165005631017,0.060165005631016996,7.757919228897728e-18,0.060165005631017,0.060165005631017
q06,smac_hybrid_reeds_shepp,normalized,curvature_p95_per_m,5,5,1.0,1.268767772464414,1.268767772464414,1.268767772464414,1.268767772464414,0.0,1.268767772464414,1.268767772464414
q06,smac_hybrid_reeds_shepp,normalized,curvature_max_per_m,5,5,1.0,95.19248196842216,95.19248196842216,95.19248196842216,95.19248196842216,0.0,95.19248196842216,95.19248196842216
q06,smac_hybrid_reeds_shepp,normalized,preferred_radius_violation_count,5,5,1.0,34.0,34.0,34.0,34.0,0.0,34.0,34.0
q06,smac_hybrid_reeds_shepp,normalized,in_place_rotation_count,5,5,1.0,0.0,0.0,0.0,0.0,0.0,0.0,0.0
q06,smac_hybrid_reeds_shepp,normalized,reverse_distance_m,5,5,1.0,2.466265959091617,2.466265959091617,2.466265959091617,2.466265959091617,0.0,2.466265959091617,2.466265959091617
q06,smac_hybrid_reeds_shepp,normalized,reverse_ratio,5,5,1.0,0.0919483725971479,0.0919483725971479,0.0919483725971479,0.0919483725971479,0.0,0.0919483725971479,0.0919483725971479
q06,smac_hybrid_reeds_shepp,normalized,direction_switch_count,5,5,1.0,2.0,2.0,2.0,2.0,0.0,2.0,2.0
q06,smac_hybrid_reeds_shepp,normalized,goal_position_error_m,5,5,1.0,0.0353546568072402,0.0353546568072402,0.0353546568072402,0.0353546568072402,0.0,0.0353546568072402,0.0353546568072402
q06,smac_hybrid_reeds_shepp,normalized,goal_yaw_error_rad,5,5,1.0,0.0017370522869661,0.0017370522869661,0.0017370522869661,0.0017370522869661,0.0,0.0017370522869661,0.0017370522869661
q07,smac_hybrid_reeds_shepp,normalized,planning_time_ms,5,5,1.0,18.15166,22.0487954,22.36566628,18.9667466,2.446034066831919,16.517907,22.444884
q07,smac_hybrid_reeds_shepp,normalized,wall_time_ms,5,5,1.0,32.758695,36.1101618,36.43458116,33.201383,2.333127123846985,30.74008,36.515686
q07,smac_hybrid_reeds_shepp,normalized,cpu_total_ms,5,5,1.0,20.0,28.0,29.6,22.0,4.47213595499958,20.0,30.0
q07,smac_hybrid_reeds_shepp,normalized,cpu_percent,5,5,1.0,63.48321816366602,82.60161913134867,86.10961507818543,66.27098944850862,12.225528239355347,54.77098253063081,86.98661406489462
q07,smac_hybrid_reeds_shepp,normalized,planner_rss_peak_bytes,5,5,1.0,126373888.0,126373888.0,126373888.0,126294425.6,177683.32805527927,125976576.0,126373888.0
q07,smac_hybrid_reeds_shepp,normalized,planner_pss_peak_bytes,5,5,1.0,90833920.0,90833920.0,90833920.0,90754457.6,177683.32805527927,90436608.0,90833920.0
q07,smac_hybrid_reeds_shepp,normalized,stack_rss_peak_bytes,5,5,1.0,236560384.0,236560384.0,236560384.0,236480921.6,177683.32805527927,236163072.0,236560384.0
q07,smac_hybrid_reeds_shepp,normalized,stack_pss_peak_bytes,5,5,1.0,135414784.0,135418060.8,135418716.16,135336140.8,178150.1038652518,135017472.0,135418880.0
q07,smac_hybrid_reeds_shepp,normalized,repetition,5,5,1.0,3.0,4.8,4.96,3.0,1.5811388300841898,1.0,5.0
q07,smac_hybrid_reeds_shepp,normalized,start_x,5,5,1.0,7.55,7.55,7.55,7.55,0.0,7.55,7.55
q07,smac_hybrid_reeds_shepp,normalized,start_y,5,5,1.0,-1.85,-1.85,-1.85,-1.85,0.0,-1.85,-1.85
q07,smac_hybrid_reeds_shepp,normalized,start_yaw,5,5,1.0,0.892,0.892,0.892,0.892,0.0,0.892,0.892
q07,smac_hybrid_reeds_shepp,normalized,goal_x,5,5,1.0,-7.95,-7.95,-7.95,-7.95,0.0,-7.95,-7.95
q07,smac_hybrid_reeds_shepp,normalized,goal_y,5,5,1.0,-21.05,-21.05,-21.05,-21.05,0.0,-21.05,-21.05
q07,smac_hybrid_reeds_shepp,normalized,goal_yaw,5,5,1.0,0.892,0.892,0.892,0.892,0.0,0.892,0.892
q07,smac_hybrid_reeds_shepp,normalized,result_detail,0,5,1.0,,,,,,,
q07,smac_hybrid_reeds_shepp,normalized,cpu_user_ms,5,5,1.0,20.0,28.0,29.6,22.0,4.47213595499958,20.0,30.0
q07,smac_hybrid_reeds_shepp,normalized,cpu_system_ms,5,5,1.0,0.0,0.0,0.0,0.0,0.0,0.0,0.0
q07,smac_hybrid_reeds_shepp,normalized,planner_rss_before_bytes,5,5,1.0,126373888.0,126373888.0,126373888.0,126210048.0,224515.3568734219,125952000.0,126373888.0
q07,smac_hybrid_reeds_shepp,normalized,planner_pss_before_bytes,5,5,1.0,90833920.0,90833920.0,90833920.0,90670080.0,224515.3568734219,90412032.0,90833920.0
q07,smac_hybrid_reeds_shepp,normalized,stack_rss_before_bytes,5,5,1.0,236560384.0,236560384.0,236560384.0,236396544.0,224515.3568734219,236138496.0,236560384.0
q07,smac_hybrid_reeds_shepp,normalized,stack_pss_before_bytes,5,5,1.0,135414784.0,135414784.0,135414784.0,135250944.0,224515.3568734219,134992896.0,135414784.0
q07,smac_hybrid_reeds_shepp,normalized,sample_interval_ms,5,5,1.0,10.0,10.0,10.0,10.0,0.0,10.0,10.0
q07,smac_hybrid_reeds_shepp,normalized,path_point_count,5,5,1.0,325.0,325.0,325.0,325.0,0.0,325.0,325.0
q07,smac_hybrid_reeds_shepp,normalized,resource_error,0,5,1.0,,,,,,,
q07,smac_hybrid_reeds_shepp,normalized,path_length_m,5,5,1.0,32.018758087038634,32.018758087038634,32.018758087038634,32.018758087038634,0.0,32.018758087038634,32.018758087038634
q07,smac_hybrid_reeds_shepp,normalized,euclidean_distance_m,5,5,1.0,24.675696545386515,24.675696545386515,24.675696545386515,24.675696545386515,0.0,24.675696545386515,24.675696545386515
q07,smac_hybrid_reeds_shepp,normalized,length_over_euclidean,5,5,1.0,1.2975827461707463,1.2975827461707463,1.2975827461707463,1.2975827461707463,0.0,1.2975827461707463,1.2975827461707463
q07,smac_hybrid_reeds_shepp,normalized,length_over_navfn,0,5,1.0,,,,,,,
q07,smac_hybrid_reeds_shepp,normalized,length_over_shortest_observed_valid,5,5,1.0,1.0,1.0,1.0,1.0,0.0,1.0,1.0
q07,smac_hybrid_reeds_shepp,normalized,minimum_clearance_m,5,5,1.0,0.4199999868869781,0.4199999868869781,0.4199999868869781,0.41999998688697804,6.206335383118183e-17,0.4199999868869781,0.4199999868869781
q07,smac_hybrid_reeds_shepp,normalized,clearance_p05_m,5,5,1.0,0.5295349955558777,0.5295349955558777,0.5295349955558777,0.5295349955558777,0.0,0.5295349955558777,0.5295349955558777
q07,smac_hybrid_reeds_shepp,normalized,clearance_p50_m,5,5,1.0,0.8500000238418579,0.8500000238418579,0.8500000238418579,0.8500000238418579,0.0,0.8500000238418579,0.8500000238418579
q07,smac_hybrid_reeds_shepp,normalized,footprint_collision_count,5,5,1.0,0.0,0.0,0.0,0.0,0.0,0.0,0.0
q07,smac_hybrid_reeds_shepp,normalized,footprint_collision_length_m,5,5,1.0,0.0,0.0,0.0,0.0,0.0,0.0,0.0
q07,smac_hybrid_reeds_shepp,normalized,heading_change_p95_rad,5,5,1.0,0.0521918341446943,0.0521918341446943,0.0521918341446943,0.05219183414469429,7.757919228897728e-18,0.0521918341446943,0.0521918341446943
q07,smac_hybrid_reeds_shepp,normalized,heading_change_max_rad,5,5,1.0,0.0601735713336193,0.0601735713336193,0.0601735713336193,0.0601735713336193,0.0,0.0601735713336193,0.0601735713336193
q07,smac_hybrid_reeds_shepp,normalized,curvature_p95_per_m,5,5,1.0,2.023073739324972,2.023073739324972,2.023073739324972,2.023073739324972,0.0,2.023073739324972,2.023073739324972
q07,smac_hybrid_reeds_shepp,normalized,curvature_max_per_m,5,5,1.0,95.09358263070796,95.09358263070796,95.09358263070796,95.09358263070796,0.0,95.09358263070796,95.09358263070796
q07,smac_hybrid_reeds_shepp,normalized,preferred_radius_violation_count,5,5,1.0,66.0,66.0,66.0,66.0,0.0,66.0,66.0
q07,smac_hybrid_reeds_shepp,normalized,in_place_rotation_count,5,5,1.0,0.0,0.0,0.0,0.0,0.0,0.0,0.0
q07,smac_hybrid_reeds_shepp,normalized,reverse_distance_m,5,5,1.0,0.3132634536266439,0.3132634536266439,0.3132634536266439,0.3132634536266439,0.0,0.3132634536266439,0.3132634536266439
q07,smac_hybrid_reeds_shepp,normalized,reverse_ratio,5,5,1.0,0.0097837477885644,0.0097837477885644,0.0097837477885644,0.0097837477885644,0.0,0.0097837477885644,0.0097837477885644
q07,smac_hybrid_reeds_shepp,normalized,direction_switch_count,5,5,1.0,1.0,1.0,1.0,1.0,0.0,1.0,1.0
q07,smac_hybrid_reeds_shepp,normalized,goal_position_error_m,5,5,1.0,0.0353548022141132,0.0353548022141132,0.0353548022141132,0.0353548022141132,0.0,0.0353548022141132,0.0353548022141132
q07,smac_hybrid_reeds_shepp,normalized,goal_yaw_error_rad,5,5,1.0,0.0193353099822997,0.0193353099822997,0.0193353099822997,0.0193353099822997,0.0,0.0193353099822997,0.0193353099822997
q08,smac_hybrid_reeds_shepp,normalized,planning_time_ms,5,5,1.0,99.148257,101.5295878,101.99367916,98.54236800000001,2.5688330792965095,95.365627,102.109702
q08,smac_hybrid_reeds_shepp,normalized,wall_time_ms,5,5,1.0,111.304589,119.14025120000001,120.13923824000001,112.58599800000002,5.155411466017577,106.45958,120.388985
q08,smac_hybrid_reeds_shepp,normalized,cpu_total_ms,5,5,1.0,100.0,108.00000000000018,109.60000000000004,100.00000000000018,7.0710678118654755,90.0,110.0
q08,smac_hybrid_reeds_shepp,normalized,cpu_percent,5,5,1.0,89.84355532726507,95.17274025932682,96.12925774630433,88.84106007330965,5.2902147339107835,83.06407766458112,96.36838711804872
q08,smac_hybrid_reeds_shepp,normalized,planner_rss_peak_bytes,5,5,1.0,132444160.0,132716134.4,132770529.28,132505600.0,155917.2408170437,132427776.0,132784128.0
q08,smac_hybrid_reeds_shepp,normalized,planner_pss_peak_bytes,5,5,1.0,96883712.0,97155686.4,97210081.28,96945152.0,155917.2408170437,96867328.0,97223680.0
q08,smac_hybrid_reeds_shepp,normalized,stack_rss_peak_bytes,5,5,1.0,242597888.0,242869862.4,242924257.28,242659328.0,155917.2408170437,242581504.0,242937856.0
q08,smac_hybrid_reeds_shepp,normalized,stack_pss_peak_bytes,5,5,1.0,141395968.0,141667942.4,141722337.28,141457408.0,155917.2408170437,141379584.0,141735936.0
q08,smac_hybrid_reeds_shepp,normalized,repetition,5,5,1.0,3.0,4.8,4.96,3.0,1.5811388300841898,1.0,5.0
q08,smac_hybrid_reeds_shepp,normalized,start_x,5,5,1.0,-6.05,-6.05,-6.05,-6.05,0.0,-6.05,-6.05
q08,smac_hybrid_reeds_shepp,normalized,start_y,5,5,1.0,-23.15,-23.15,-23.15,-23.15,0.0,-23.15,-23.15
q08,smac_hybrid_reeds_shepp,normalized,start_yaw,5,5,1.0,-2.33,-2.33,-2.33,-2.33,0.0,-2.33,-2.33
q08,smac_hybrid_reeds_shepp,normalized,goal_x,5,5,1.0,6.95,6.95,6.95,6.95,0.0,6.95,6.95
q08,smac_hybrid_reeds_shepp,normalized,goal_y,5,5,1.0,-9.45,-9.45,-9.45,-9.45,0.0,-9.45,-9.45
q08,smac_hybrid_reeds_shepp,normalized,goal_yaw,5,5,1.0,-2.33,-2.33,-2.33,-2.33,0.0,-2.33,-2.33
q08,smac_hybrid_reeds_shepp,normalized,result_detail,0,5,1.0,,,,,,,
q08,smac_hybrid_reeds_shepp,normalized,cpu_user_ms,5,5,1.0,100.0,108.00000000000018,109.60000000000004,100.00000000000018,7.0710678118654755,90.0,110.0
q08,smac_hybrid_reeds_shepp,normalized,cpu_system_ms,5,5,1.0,0.0,0.0,0.0,0.0,0.0,0.0,0.0
q08,smac_hybrid_reeds_shepp,normalized,planner_rss_before_bytes,5,5,1.0,132427776.0,132716134.4,132770529.28,131711795.2,1159361.205100119,130433024.0,132784128.0
q08,smac_hybrid_reeds_shepp,normalized,planner_pss_before_bytes,5,5,1.0,96867328.0,97155686.4,97210081.28,96151347.2,1159361.205100119,94872576.0,97223680.0
q08,smac_hybrid_reeds_shepp,normalized,stack_rss_before_bytes,5,5,1.0,242581504.0,242869862.4,242924257.28,241865523.2,1159361.2051001189,240586752.0,242937856.0
q08,smac_hybrid_reeds_shepp,normalized,stack_pss_before_bytes,5,5,1.0,141379584.0,141667942.4,141722337.28,140663603.2,1159361.2051001189,139384832.0,141735936.0
q08,smac_hybrid_reeds_shepp,normalized,sample_interval_ms,5,5,1.0,10.0,10.0,10.0,10.0,0.0,10.0,10.0
q08,smac_hybrid_reeds_shepp,normalized,path_point_count,5,5,1.0,227.0,227.0,227.0,227.0,0.0,227.0,227.0
q08,smac_hybrid_reeds_shepp,normalized,resource_error,0,5,1.0,,,,,,,
q08,smac_hybrid_reeds_shepp,normalized,path_length_m,5,5,1.0,22.8433199235097,22.8433199235097,22.8433199235097,22.8433199235097,0.0,22.8433199235097,22.8433199235097
q08,smac_hybrid_reeds_shepp,normalized,euclidean_distance_m,5,5,1.0,18.886238376129853,18.886238376129853,18.886238376129853,18.886238376129853,0.0,18.886238376129853,18.886238376129853
q08,smac_hybrid_reeds_shepp,normalized,length_over_euclidean,5,5,1.0,1.2095219528935506,1.2095219528935506,1.2095219528935506,1.2095219528935506,0.0,1.2095219528935506,1.2095219528935506
q08,smac_hybrid_reeds_shepp,normalized,length_over_navfn,0,5,1.0,,,,,,,
q08,smac_hybrid_reeds_shepp,normalized,length_over_shortest_observed_valid,5,5,1.0,1.0,1.0,1.0,1.0,0.0,1.0,1.0
q08,smac_hybrid_reeds_shepp,normalized,minimum_clearance_m,5,5,1.0,0.4000000059604645,0.4000000059604645,0.4000000059604645,0.4000000059604645,0.0,0.4000000059604645,0.4000000059604645
q08,smac_hybrid_reeds_shepp,normalized,clearance_p05_m,5,5,1.0,0.509844958782196,0.509844958782196,0.509844958782196,0.509844958782196,0.0,0.509844958782196,0.509844958782196
q08,smac_hybrid_reeds_shepp,normalized,clearance_p50_m,5,5,1.0,0.9000000357627869,0.9000000357627869,0.9000000357627869,0.9000000357627869,0.0,0.9000000357627869,0.9000000357627869
q08,smac_hybrid_reeds_shepp,normalized,footprint_collision_count,5,5,1.0,0.0,0.0,0.0,0.0,0.0,0.0,0.0
q08,smac_hybrid_reeds_shepp,normalized,footprint_collision_length_m,5,5,1.0,0.0,0.0,0.0,0.0,0.0,0.0,0.0
q08,smac_hybrid_reeds_shepp,normalized,heading_change_p95_rad,5,5,1.0,0.0526267902833699,0.0526267902833699,0.0526267902833699,0.0526267902833699,0.0,0.0526267902833699,0.0526267902833699
q08,smac_hybrid_reeds_shepp,normalized,heading_change_max_rad,5,5,1.0,0.1745328903198242,0.1745328903198242,0.1745328903198242,0.1745328903198242,0.0,0.1745328903198242,0.1745328903198242
q08,smac_hybrid_reeds_shepp,normalized,curvature_p95_per_m,5,5,1.0,1.7128938048307063,1.7128938048307063,1.7128938048307063,1.7128938048307063,0.0,1.7128938048307063,1.7128938048307063
q08,smac_hybrid_reeds_shepp,normalized,curvature_max_per_m,5,5,1.0,94.73234835512484,94.73234835512484,94.73234835512484,94.73234835512484,0.0,94.73234835512484,94.73234835512484
q08,smac_hybrid_reeds_shepp,normalized,preferred_radius_violation_count,5,5,1.0,49.0,49.0,49.0,49.0,0.0,49.0,49.0
q08,smac_hybrid_reeds_shepp,normalized,in_place_rotation_count,5,5,1.0,0.0,0.0,0.0,0.0,0.0,0.0,0.0
q08,smac_hybrid_reeds_shepp,normalized,reverse_distance_m,5,5,1.0,0.6044565734358784,0.6044565734358784,0.6044565734358784,0.6044565734358784,0.0,0.6044565734358784,0.6044565734358784
q08,smac_hybrid_reeds_shepp,normalized,reverse_ratio,5,5,1.0,0.0264609774524844,0.0264609774524844,0.0264609774524844,0.0264609774524844,0.0,0.0264609774524844,0.0264609774524844
q08,smac_hybrid_reeds_shepp,normalized,direction_switch_count,5,5,1.0,2.0,2.0,2.0,2.0,0.0,2.0,2.0
q08,smac_hybrid_reeds_shepp,normalized,goal_position_error_m,5,5,1.0,0.035354522991396,0.035354522991396,0.035354522991396,0.035354522991396,0.0,0.035354522991396,0.035354522991396
q08,smac_hybrid_reeds_shepp,normalized,goal_yaw_error_rad,5,5,1.0,0.0261943213092248,0.0261943213092248,0.0261943213092248,0.026194321309224798,3.878959614448864e-18,0.0261943213092248,0.0261943213092248
q09,smac_hybrid_reeds_shepp,normalized,planning_time_ms,5,5,1.0,10.152206,10.641383399999999,10.71226068,10.112700199999999,0.43572942978378193,9.673525,10.72998
q09,smac_hybrid_reeds_shepp,normalized,wall_time_ms,5,5,1.0,18.97036,26.3225122,27.67073844,20.6866414,4.122230165269197,18.235142,28.007795
q09,smac_hybrid_reeds_shepp,normalized,cpu_total_ms,5,5,1.0,10.0,18.0,19.6,12.0,4.47213595499958,10.0,20.0
q09,smac_hybrid_reeds_shepp,normalized,cpu_percent,5,5,1.0,52.7138124948604,98.4731279697874,107.4372930214993,60.563543280525735,28.415549273360522,35.70434587942392,109.67833428442728
q09,smac_hybrid_reeds_shepp,normalized,planner_rss_peak_bytes,5,5,1.0,125145088.0,125167206.4,125169172.48,125082009.6,103564.830849087,124968960.0,125169664.0
q09,smac_hybrid_reeds_shepp,normalized,planner_pss_peak_bytes,5,5,1.0,89506816.0,89528934.4,89530900.48,89443737.6,103564.830849087,89330688.0,89531392.0
q09,smac_hybrid_reeds_shepp,normalized,stack_rss_peak_bytes,5,5,1.0,235442176.0,235464294.4,235466260.48,235379097.6,103564.830849087,235266048.0,235466752.0
q09,smac_hybrid_reeds_shepp,normalized,stack_pss_peak_bytes,5,5,1.0,134153216.0,134175334.4,134177300.48,134090137.6,103564.830849087,133977088.0,134177792.0
q09,smac_hybrid_reeds_shepp,normalized,repetition,5,5,1.0,3.0,4.8,4.96,3.0,1.5811388300841898,1.0,5.0
q09,smac_hybrid_reeds_shepp,normalized,start_x,5,5,1.0,-5.65,-5.65,-5.65,-5.65,0.0,-5.65,-5.65
q09,smac_hybrid_reeds_shepp,normalized,start_y,5,5,1.0,-28.95,-28.95,-28.95,-28.95,0.0,-28.95,-28.95
q09,smac_hybrid_reeds_shepp,normalized,start_yaw,5,5,1.0,-2.678,-2.678,-2.678,-2.678,0.0,-2.678,-2.678
q09,smac_hybrid_reeds_shepp,normalized,goal_x,5,5,1.0,5.95,5.95,5.95,5.95,0.0,5.95,5.95
q09,smac_hybrid_reeds_shepp,normalized,goal_y,5,5,1.0,-23.15,-23.15,-23.15,-23.15,0.0,-23.15,-23.15
q09,smac_hybrid_reeds_shepp,normalized,goal_yaw,5,5,1.0,-2.678,-2.678,-2.678,-2.678,0.0,-2.678,-2.678
q09,smac_hybrid_reeds_shepp,normalized,result_detail,0,5,1.0,,,,,,,
q09,smac_hybrid_reeds_shepp,normalized,cpu_user_ms,5,5,1.0,10.0,18.0,19.6,12.0,4.47213595499958,10.0,20.0
q09,smac_hybrid_reeds_shepp,normalized,cpu_system_ms,5,5,1.0,0.0,0.0,0.0,0.0,0.0,0.0,0.0
q09,smac_hybrid_reeds_shepp,normalized,planner_rss_before_bytes,5,5,1.0,124968960.0,125154918.4,125156884.48,125041049.6,100689.97779719687,124964864.0,125157376.0
q09,smac_hybrid_reeds_shepp,normalized,planner_pss_before_bytes,5,5,1.0,89330688.0,89516646.4,89518612.48,89402777.6,100689.97779719687,89326592.0,89519104.0
q09,smac_hybrid_reeds_shepp,normalized,stack_rss_before_bytes,5,5,1.0,235266048.0,235452006.4,235453972.48,235338137.6,100689.97779719687,235261952.0,235454464.0
q09,smac_hybrid_reeds_shepp,normalized,stack_pss_before_bytes,5,5,1.0,133977088.0,134163046.4,134165012.48,134049177.6,100689.97779719687,133972992.0,134165504.0
q09,smac_hybrid_reeds_shepp,normalized,sample_interval_ms,5,5,1.0,10.0,10.0,10.0,10.0,0.0,10.0,10.0
q09,smac_hybrid_reeds_shepp,normalized,path_point_count,5,5,1.0,158.0,158.0,158.0,158.0,0.0,158.0,158.0
q09,smac_hybrid_reeds_shepp,normalized,resource_error,0,5,1.0,,,,,,,
q09,smac_hybrid_reeds_shepp,normalized,path_length_m,5,5,1.0,15.053934301930868,15.053934301930868,15.053934301930868,15.05393430193087,1.9860273225978185e-15,15.053934301930868,15.053934301930868
q09,smac_hybrid_reeds_shepp,normalized,euclidean_distance_m,5,5,1.0,12.969194269498782,12.969194269498782,12.969194269498782,12.969194269498782,0.0,12.969194269498782,12.969194269498782
q09,smac_hybrid_reeds_shepp,normalized,length_over_euclidean,5,5,1.0,1.1607455319976985,1.1607455319976985,1.1607455319976985,1.1607455319976985,0.0,1.1607455319976985,1.1607455319976985
q09,smac_hybrid_reeds_shepp,normalized,length_over_navfn,0,5,1.0,,,,,,,
q09,smac_hybrid_reeds_shepp,normalized,length_over_shortest_observed_valid,5,5,1.0,1.0,1.0,1.0,1.0,0.0,1.0,1.0
q09,smac_hybrid_reeds_shepp,normalized,minimum_clearance_m,5,5,1.0,0.5492249727249146,0.5492249727249146,0.5492249727249146,0.5492249727249146,0.0,0.5492249727249146,0.5492249727249146
q09,smac_hybrid_reeds_shepp,normalized,clearance_p05_m,5,5,1.0,0.6500000357627869,0.6500000357627869,0.6500000357627869,0.6500000357627869,0.0,0.6500000357627869,0.6500000357627869
q09,smac_hybrid_reeds_shepp,normalized,clearance_p50_m,5,5,1.0,0.949999988079071,0.949999988079071,0.949999988079071,0.949999988079071,0.0,0.949999988079071,0.949999988079071
q09,smac_hybrid_reeds_shepp,normalized,footprint_collision_count,5,5,1.0,0.0,0.0,0.0,0.0,0.0,0.0,0.0
q09,smac_hybrid_reeds_shepp,normalized,footprint_collision_length_m,5,5,1.0,0.0,0.0,0.0,0.0,0.0,0.0,0.0
q09,smac_hybrid_reeds_shepp,normalized,heading_change_p95_rad,5,5,1.0,0.0581776301066083,0.0581776301066083,0.0581776301066083,0.0581776301066083,0.0,0.0581776301066083,0.0581776301066083
q09,smac_hybrid_reeds_shepp,normalized,heading_change_max_rad,5,5,1.0,0.0602674116171519,0.0602674116171519,0.0602674116171519,0.0602674116171519,0.0,0.0602674116171519,0.0602674116171519
q09,smac_hybrid_reeds_shepp,normalized,curvature_p95_per_m,5,5,1.0,1.921525223640068,1.921525223640068,1.921525223640068,1.921525223640068,0.0,1.921525223640068,1.921525223640068
q09,smac_hybrid_reeds_shepp,normalized,curvature_max_per_m,5,5,1.0,94.82145065944503,94.82145065944503,94.82145065944503,94.82145065944503,0.0,94.82145065944503,94.82145065944503
q09,smac_hybrid_reeds_shepp,normalized,preferred_radius_violation_count,5,5,1.0,32.0,32.0,32.0,32.0,0.0,32.0,32.0
q09,smac_hybrid_reeds_shepp,normalized,in_place_rotation_count,5,5,1.0,0.0,0.0,0.0,0.0,0.0,0.0,0.0
q09,smac_hybrid_reeds_shepp,normalized,reverse_distance_m,5,5,1.0,0.875489045330774,0.875489045330774,0.875489045330774,0.875489045330774,0.0,0.875489045330774,0.875489045330774
q09,smac_hybrid_reeds_shepp,normalized,reverse_ratio,5,5,1.0,0.0581568264994009,0.0581568264994009,0.0581568264994009,0.05815682649940089,7.757919228897728e-18,0.0581568264994009,0.0581568264994009
q09,smac_hybrid_reeds_shepp,normalized,direction_switch_count,5,5,1.0,2.0,2.0,2.0,2.0,0.0,2.0,2.0
q09,smac_hybrid_reeds_shepp,normalized,goal_position_error_m,5,5,1.0,0.035354677881972,0.035354677881972,0.035354677881972,0.035354677881972,0.0,0.035354677881972,0.035354677881972
q09,smac_hybrid_reeds_shepp,normalized,goal_yaw_error_rad,5,5,1.0,0.0272601019488738,0.0272601019488738,0.0272601019488738,0.0272601019488738,0.0,0.0272601019488738,0.0272601019488738
