world,band,task_id,label,start_x_m,start_y_m,start_yaw_rad,goal_x_m,goal_y_m,goal_yaw_rad,preference,preference_side,start_clearance_m,goal_clearance_m,direct_distance_m,minimum_direct_distance_m,feature_tags
arena_small_080x100_2d_005,small,A2B-01,long_east_west,6.425,50.025,0.0,73.625,50.025,0.0,center,none,6.25,6.25,67.2,14.4,east_west_main_corridor;central_plaza
arena_small_080x100_2d_005,small,A2B-02,long_north_south,40.025,8.025,1.5708,40.025,92.025,1.5708,center,none,7.9,7.8,84.0,14.4,north_south_main_corridor;central_plaza
arena_small_080x100_2d_005,small,A2B-03,long_diagonal_sw_ne,8.025,12.075,0.8686,72.025,87.725,2.4394,none,none,0.809,0.85,99.09,14.4,wide_corridor;central_plaza
arena_small_080x100_2d_005,small,A2B-04,long_diagonal_nw_se,8.025,87.875,-0.8696,72.025,12.075,-2.4404,none,none,0.809,0.809,99.205,14.4,wide_corridor;central_plaza
arena_small_080x100_2d_005,small,A2B-05,room_to_room_diagonal,12.825,78.025,-0.7999,67.225,22.025,0.7709,edge,left,6.6,6.7,78.073,14.4,office_teaching_room;2m_door
arena_small_080x100_2d_005,small,A2B-06,warehouse_to_room_diagonal,67.225,78.025,-2.3417,12.825,22.025,2.3707,edge,right,6.6,6.7,78.073,14.4,warehouse_shelf_aisle;office_teaching_room;2m_door
arena_small_080x100_2d_005,small,A2B-07,room_to_warehouse_diagonal,12.825,22.025,0.7999,67.225,78.025,-2.3417,edge,left,6.7,6.6,78.073,14.4,office_teaching_room;warehouse_shelf_aisle;2m_door
arena_small_080x100_2d_005,small,A2B-08,room_cross_diagonal,67.225,22.025,2.3417,12.825,78.025,-0.7999,edge,right,6.7,6.6,78.073,14.4,office_teaching_room;wide_hall;2m_door
arena_small_080x100_2d_005,small,A2B-09,west_corridor_to_plaza,8.025,50.025,0.0,28.825,50.025,0.0,center,none,7.85,2.41,20.8,14.4,east_west_main_corridor;central_plaza
arena_small_080x100_2d_005,small,A2B-10,east_corridor_to_plaza,72.025,50.025,3.1416,51.225,50.025,-3.1416,center,none,7.85,2.41,20.8,14.4,east_west_main_corridor;central_plaza
arena_small_080x100_2d_005,small,A2B-11,south_corridor_to_plaza,40.025,10.025,1.5708,40.025,36.025,1.5708,center,none,7.197,5.15,26.0,14.4,north_south_main_corridor;central_plaza
arena_small_080x100_2d_005,small,A2B-12,north_corridor_to_plaza,40.025,90.025,-1.5708,40.025,64.025,-1.5708,center,none,7.297,5.25,26.0,14.4,north_south_main_corridor;central_plaza
arena_small_080x100_2d_005,small,A2B-13,upper_block_cross,12.825,78.025,0.0,67.225,78.025,0.0,edge,right,6.6,6.6,54.4,14.4,office_teaching_room;warehouse_shelf_aisle;wide_hall
arena_small_080x100_2d_005,small,A2B-14,lower_block_cross,12.825,22.025,0.0,67.225,22.025,0.0,edge,left,6.7,6.7,54.4,14.4,office_teaching_room;wide_hall;2m_door
arena_small_080x100_2d_005,small,A2B-15,southwest_to_northeast,12.825,24.025,0.7628,67.225,76.025,2.3336,edge,left,5.8,5.9,75.255,14.4,office_teaching_room;warehouse_shelf_aisle;2m_door
arena_small_080x100_2d_005,small,A2B-16,southeast_to_northwest,67.225,24.025,2.3787,12.825,76.025,0.808,edge,right,5.8,5.9,75.255,14.4,office_teaching_room;warehouse_shelf_aisle;2m_door
arena_small_080x100_2d_005,small,A2B-17,plaza_east_west_local,28.025,50.025,0.0,52.025,50.025,0.0,center,none,1.85,1.85,24.0,14.4,central_plaza;wide_corridor
arena_small_080x100_2d_005,small,A2B-18,plaza_north_south_local,40.025,35.025,1.5708,40.025,65.025,1.5708,center,none,4.9,4.8,30.0,14.4,central_plaza;wide_corridor
arena_small_080x100_2d_005,small,A2B-19,northwest_to_southeast,9.625,76.025,-0.7075,70.425,24.025,0.8633,none,none,5.9,5.8,80.004,14.4,office_teaching_room;wide_corridor;2m_door
arena_small_080x100_2d_005,small,A2B-20,northeast_to_southwest,70.425,76.025,-2.4341,9.625,24.025,2.2783,none,none,5.9,5.8,80.004,14.4,warehouse_shelf_aisle;wide_corridor;2m_door
arena_small_100x100_2d_005,small,A2B-01,long_east_west,8.025,50.025,0.0,92.025,50.025,0.0,center,none,7.85,7.85,84.0,18.0,east_west_main_corridor;central_plaza
arena_small_100x100_2d_005,small,A2B-02,long_north_south,50.025,8.025,1.5708,50.025,92.025,1.5708,center,none,7.9,7.8,84.0,18.0,north_south_main_corridor;central_plaza
arena_small_100x100_2d_005,small,A2B-03,long_diagonal_sw_ne,9.975,12.825,0.7601,90.025,88.925,2.3309,none,none,0.819,0.85,110.45,18.0,wide_corridor;central_plaza
arena_small_100x100_2d_005,small,A2B-04,long_diagonal_nw_se,9.975,87.125,-0.7479,90.075,12.825,-2.3186,none,none,0.819,0.819,109.254,18.0,wide_corridor;central_plaza
arena_small_100x100_2d_005,small,A2B-05,room_to_room_diagonal,16.025,78.025,-0.6889,84.025,22.025,0.8819,edge,left,5.8,5.9,88.091,18.0,office_teaching_room;2m_door
arena_small_100x100_2d_005,small,A2B-06,warehouse_to_room_diagonal,84.025,78.025,-2.4527,16.025,22.025,2.2597,edge,right,5.8,5.9,88.091,18.0,warehouse_shelf_aisle;office_teaching_room;2m_door
arena_small_100x100_2d_005,small,A2B-07,room_to_warehouse_diagonal,16.025,22.025,0.6889,84.025,78.025,-2.4527,edge,left,5.9,5.8,88.091,18.0,office_teaching_room;warehouse_shelf_aisle;2m_door
arena_small_100x100_2d_005,small,A2B-08,room_cross_diagonal,84.025,22.025,2.4527,16.025,78.025,-0.6889,edge,right,5.9,5.8,88.091,18.0,office_teaching_room;wide_hall;2m_door
arena_small_100x100_2d_005,small,A2B-09,west_corridor_to_plaza,10.025,50.025,0.0,36.025,50.025,0.0,center,none,9.85,3.21,26.0,18.0,east_west_main_corridor;central_plaza
arena_small_100x100_2d_005,small,A2B-10,east_corridor_to_plaza,90.025,50.025,3.1416,64.025,50.025,-3.1416,center,none,9.85,3.21,26.0,18.0,east_west_main_corridor;central_plaza
arena_small_100x100_2d_005,small,A2B-11,south_corridor_to_plaza,50.025,10.025,1.5708,50.025,36.025,1.5708,center,none,7.997,3.15,26.0,18.0,north_south_main_corridor;central_plaza
arena_small_100x100_2d_005,small,A2B-12,north_corridor_to_plaza,50.025,90.025,-1.5708,50.025,64.025,-1.5708,center,none,8.097,3.25,26.0,18.0,north_south_main_corridor;central_plaza
arena_small_100x100_2d_005,small,A2B-13,upper_block_cross,16.025,78.025,0.0,84.025,78.025,0.0,edge,right,5.8,5.8,68.0,18.0,office_teaching_room;warehouse_shelf_aisle;wide_hall
arena_small_100x100_2d_005,small,A2B-14,lower_block_cross,16.025,22.025,0.0,84.025,22.025,0.0,edge,left,5.9,5.9,68.0,18.0,office_teaching_room;wide_hall;2m_door
arena_small_100x100_2d_005,small,A2B-15,southwest_to_northeast,16.025,24.025,0.6528,84.025,76.025,2.2236,edge,left,5.3,5.4,85.604,18.0,office_teaching_room;warehouse_shelf_aisle;2m_door
arena_small_100x100_2d_005,small,A2B-16,southeast_to_northwest,84.025,24.025,2.4887,16.025,76.025,0.9179,edge,right,5.3,5.4,85.604,18.0,office_teaching_room;warehouse_shelf_aisle;2m_door
arena_small_100x100_2d_005,small,A2B-17,plaza_east_west_local,35.025,50.025,0.0,65.025,50.025,0.0,center,none,2.35,2.35,30.0,18.0,central_plaza;wide_corridor
arena_small_100x100_2d_005,small,A2B-18,plaza_north_south_local,50.025,35.025,1.5708,50.025,65.025,1.5708,center,none,4.15,4.25,30.0,18.0,central_plaza;wide_corridor
arena_small_100x100_2d_005,small,A2B-19,northwest_to_southeast,12.025,76.025,-0.6001,88.025,24.025,0.9707,none,none,5.4,5.3,92.087,18.0,office_teaching_room;wide_corridor;2m_door
arena_small_100x100_2d_005,small,A2B-20,northeast_to_southwest,88.025,76.025,-2.5415,12.025,24.025,2.1708,none,none,5.4,5.3,92.087,18.0,warehouse_shelf_aisle;wide_corridor;2m_door
arena_medium_160x200_2d_005,medium,A2B-01,long_east_west,12.825,100.025,0.0,147.225,100.025,0.0,center,none,12.65,12.65,134.4,32.0,east_west_main_corridor;central_plaza
arena_medium_160x200_2d_005,medium,A2B-02,long_north_south,80.025,16.025,1.5708,80.025,184.025,1.5708,center,none,15.9,15.8,168.0,32.0,north_south_main_corridor;central_plaza
arena_medium_160x200_2d_005,medium,A2B-03,long_diagonal_sw_ne,16.025,24.025,0.8709,144.025,176.025,2.4417,none,none,0.89,1.3,198.716,32.0,wide_corridor;central_plaza
arena_medium_160x200_2d_005,medium,A2B-04,long_diagonal_nw_se,16.025,176.025,-0.8709,144.025,24.025,-2.4417,none,none,0.829,0.89,198.716,32.0,wide_corridor;central_plaza
arena_medium_160x200_2d_005,medium,A2B-05,room_to_room_diagonal,25.625,156.025,-0.7999,134.425,44.025,0.7709,edge,left,13.4,13.5,156.146,32.0,office_teaching_room;2m_door
arena_medium_160x200_2d_005,medium,A2B-06,warehouse_to_room_diagonal,134.425,156.025,-2.3417,25.625,44.025,2.3707,edge,right,13.4,13.5,156.146,32.0,warehouse_shelf_aisle;office_teaching_room;2m_door
arena_medium_160x200_2d_005,medium,A2B-07,room_to_warehouse_diagonal,25.625,44.025,0.7999,134.425,156.025,-2.3417,edge,left,13.5,13.4,156.146,32.0,office_teaching_room;warehouse_shelf_aisle;2m_door
arena_medium_160x200_2d_005,medium,A2B-08,room_cross_diagonal,134.425,44.025,2.3417,25.625,156.025,-0.7999,edge,right,13.5,13.4,156.146,32.0,office_teaching_room;wide_hall;2m_door
arena_medium_160x200_2d_005,medium,A2B-09,west_corridor_to_plaza,16.025,100.025,0.0,57.625,100.025,0.0,center,none,15.85,5.45,41.6,32.0,east_west_main_corridor;central_plaza
arena_medium_160x200_2d_005,medium,A2B-10,east_corridor_to_plaza,144.025,100.025,3.1416,102.425,100.025,-3.1416,center,none,15.85,5.45,41.6,32.0,east_west_main_corridor;central_plaza
arena_medium_160x200_2d_005,medium,A2B-11,south_corridor_to_plaza,80.025,20.025,1.5708,80.025,72.025,1.5708,center,none,14.397,11.15,52.0,32.0,north_south_main_corridor;central_plaza
arena_medium_160x200_2d_005,medium,A2B-12,north_corridor_to_plaza,80.025,180.025,-1.5708,80.025,128.025,-1.5708,center,none,14.497,11.25,52.0,32.0,north_south_main_corridor;central_plaza
arena_medium_160x200_2d_005,medium,A2B-13,upper_block_cross,25.625,156.025,0.0,134.425,156.025,0.0,edge,right,13.4,13.4,108.8,32.0,office_teaching_room;warehouse_shelf_aisle;wide_hall
arena_medium_160x200_2d_005,medium,A2B-14,lower_block_cross,25.625,44.025,0.0,134.425,44.025,0.0,edge,left,13.5,13.5,108.8,32.0,office_teaching_room;wide_hall;2m_door
arena_medium_160x200_2d_005,medium,A2B-15,southwest_to_northeast,25.625,48.025,0.7628,134.425,152.025,2.3336,edge,left,11.8,11.9,150.511,32.0,office_teaching_room;warehouse_shelf_aisle;2m_door
arena_medium_160x200_2d_005,medium,A2B-16,southeast_to_northwest,134.425,48.025,2.3787,25.625,152.025,0.808,edge,right,11.8,11.9,150.511,32.0,office_teaching_room;warehouse_shelf_aisle;2m_door
arena_medium_160x200_2d_005,medium,A2B-17,plaza_east_west_local,56.025,100.025,0.0,104.025,100.025,0.0,center,none,3.85,3.85,48.0,32.0,central_plaza;wide_corridor
arena_medium_160x200_2d_005,medium,A2B-18,plaza_north_south_local,80.025,70.025,1.5708,80.025,130.025,1.5708,center,none,9.9,9.8,60.0,32.0,central_plaza;wide_corridor
arena_medium_160x200_2d_005,medium,A2B-19,northwest_to_southeast,19.225,152.025,-0.7075,140.825,48.025,0.8633,none,none,11.9,11.8,160.008,32.0,office_teaching_room;wide_corridor;2m_door
arena_medium_160x200_2d_005,medium,A2B-20,northeast_to_southwest,140.825,152.025,-2.4341,19.225,48.025,2.2783,none,none,11.9,11.8,160.008,32.0,warehouse_shelf_aisle;wide_corridor;2m_door
arena_medium_200x200_2d_005,medium,A2B-01,long_east_west,16.025,100.025,0.0,184.025,100.025,0.0,center,none,15.85,15.85,168.0,40.0,east_west_main_corridor;central_plaza
arena_medium_200x200_2d_005,medium,A2B-02,long_north_south,100.025,16.025,1.5708,100.025,184.025,1.5708,center,none,15.9,15.8,168.0,40.0,north_south_main_corridor;central_plaza
arena_medium_200x200_2d_005,medium,A2B-03,long_diagonal_sw_ne,20.025,23.075,0.7656,180.025,176.875,2.3364,none,none,0.85,0.85,221.933,40.0,wide_corridor;central_plaza
arena_medium_200x200_2d_005,medium,A2B-04,long_diagonal_nw_se,20.025,176.875,-0.7656,180.025,23.075,-2.3364,none,none,0.85,0.85,221.933,40.0,wide_corridor;central_plaza
arena_medium_200x200_2d_005,medium,A2B-05,room_to_room_diagonal,32.025,156.025,-0.6889,168.025,44.025,0.8819,edge,left,11.8,11.9,176.182,40.0,office_teaching_room;2m_door
arena_medium_200x200_2d_005,medium,A2B-06,warehouse_to_room_diagonal,168.025,156.025,-2.4527,32.025,44.025,2.2597,edge,right,11.8,11.9,176.182,40.0,warehouse_shelf_aisle;office_teaching_room;2m_door
arena_medium_200x200_2d_005,medium,A2B-07,room_to_warehouse_diagonal,32.025,44.025,0.6889,168.025,156.025,-2.4527,edge,left,11.9,11.8,176.182,40.0,office_teaching_room;warehouse_shelf_aisle;2m_door
arena_medium_200x200_2d_005,medium,A2B-08,room_cross_diagonal,168.025,44.025,2.4527,32.025,156.025,-0.6889,edge,right,11.9,11.8,176.182,40.0,office_teaching_room;wide_hall;2m_door
arena_medium_200x200_2d_005,medium,A2B-09,west_corridor_to_plaza,20.025,100.025,0.0,72.025,100.025,0.0,center,none,19.85,6.85,52.0,40.0,east_west_main_corridor;central_plaza
arena_medium_200x200_2d_005,medium,A2B-10,east_corridor_to_plaza,180.025,100.025,3.1416,128.025,100.025,-3.1416,center,none,19.85,6.85,52.0,40.0,east_west_main_corridor;central_plaza
arena_medium_200x200_2d_005,medium,A2B-11,south_corridor_to_plaza,100.025,20.025,1.5708,100.025,72.025,1.5708,center,none,15.997,7.15,52.0,40.0,north_south_main_corridor;central_plaza
arena_medium_200x200_2d_005,medium,A2B-12,north_corridor_to_plaza,100.025,180.025,-1.5708,100.025,128.025,-1.5708,center,none,16.097,7.25,52.0,40.0,north_south_main_corridor;central_plaza
arena_medium_200x200_2d_005,medium,A2B-13,upper_block_cross,32.025,156.025,0.0,168.025,156.025,0.0,edge,right,11.8,11.8,136.0,40.0,office_teaching_room;warehouse_shelf_aisle;wide_hall
arena_medium_200x200_2d_005,medium,A2B-14,lower_block_cross,32.025,44.025,0.0,168.025,44.025,0.0,edge,left,11.9,11.9,136.0,40.0,office_teaching_room;wide_hall;2m_door
arena_medium_200x200_2d_005,medium,A2B-15,southwest_to_northeast,32.025,48.025,0.6528,168.025,152.025,2.2236,edge,left,10.8,10.9,171.207,40.0,office_teaching_room;warehouse_shelf_aisle;2m_door
arena_medium_200x200_2d_005,medium,A2B-16,southeast_to_northwest,168.025,48.025,2.4887,32.025,152.025,0.9179,edge,right,10.8,10.9,171.207,40.0,office_teaching_room;warehouse_shelf_aisle;2m_door
arena_medium_200x200_2d_005,medium,A2B-17,plaza_east_west_local,70.025,100.025,0.0,130.025,100.025,0.0,center,none,4.85,4.85,60.0,40.0,central_plaza;wide_corridor
arena_medium_200x200_2d_005,medium,A2B-18,plaza_north_south_local,100.025,70.025,1.5708,100.025,130.025,1.5708,center,none,9.15,9.25,60.0,40.0,central_plaza;wide_corridor
arena_medium_200x200_2d_005,medium,A2B-19,northwest_to_southeast,24.025,152.025,-0.6001,176.025,48.025,0.9707,none,none,10.9,10.8,184.174,40.0,office_teaching_room;wide_corridor;2m_door
arena_medium_200x200_2d_005,medium,A2B-20,northeast_to_southwest,176.025,152.025,-2.5415,24.025,48.025,2.1708,none,none,10.9,10.8,184.174,40.0,warehouse_shelf_aisle;wide_corridor;2m_door
arena_large_250x300_2d_005,large,A2B-01,long_east_west,20.025,150.025,0.0,230.025,150.025,0.0,center,none,19.85,19.85,210.0,55.0,east_west_main_corridor;central_plaza
arena_large_250x300_2d_005,large,A2B-02,long_north_south,125.025,24.025,1.5708,125.025,276.025,1.5708,center,none,23.9,23.8,252.0,55.0,north_south_main_corridor;central_plaza
arena_large_250x300_2d_005,large,A2B-03,long_diagonal_sw_ne,25.025,36.025,0.8507,225.025,264.025,2.4215,none,none,1.11,1.7,303.289,55.0,wide_corridor;central_plaza
arena_large_250x300_2d_005,large,A2B-04,long_diagonal_nw_se,25.025,264.025,-0.8507,225.025,36.025,-2.4215,none,none,1.1,1.11,303.289,55.0,wide_corridor;central_plaza
arena_large_250x300_2d_005,large,A2B-05,room_to_room_diagonal,40.025,234.025,-0.7795,210.025,66.025,0.7913,edge,left,19.8,19.9,239.006,55.0,office_teaching_room;2m_door
arena_large_250x300_2d_005,large,A2B-06,warehouse_to_room_diagonal,210.025,234.025,-2.3621,40.025,66.025,2.3503,edge,right,19.8,19.9,239.006,55.0,warehouse_shelf_aisle;office_teaching_room;2m_door
arena_large_250x300_2d_005,large,A2B-07,room_to_warehouse_diagonal,40.025,66.025,0.7795,210.025,234.025,-2.3621,edge,left,19.9,19.8,239.006,55.0,office_teaching_room;warehouse_shelf_aisle;2m_door
arena_large_250x300_2d_005,large,A2B-08,room_cross_diagonal,210.025,66.025,2.3621,40.025,234.025,-0.7795,edge,right,19.9,19.8,239.006,55.0,office_teaching_room;wide_hall;2m_door
arena_large_250x300_2d_005,large,A2B-09,west_corridor_to_plaza,25.025,150.025,0.0,90.025,150.025,0.0,center,none,24.85,8.6,65.0,55.0,east_west_main_corridor;central_plaza
arena_large_250x300_2d_005,large,A2B-10,east_corridor_to_plaza,225.025,150.025,3.1416,160.025,150.025,-3.1416,center,none,24.85,8.6,65.0,55.0,east_west_main_corridor;central_plaza
arena_large_250x300_2d_005,large,A2B-11,south_corridor_to_plaza,125.025,30.025,1.5708,125.025,108.025,1.5708,center,none,21.997,16.15,78.0,55.0,north_south_main_corridor;central_plaza
arena_large_250x300_2d_005,large,A2B-12,north_corridor_to_plaza,125.025,270.025,-1.5708,125.025,192.025,-1.5708,center,none,22.097,16.25,78.0,55.0,north_south_main_corridor;central_plaza
arena_large_250x300_2d_005,large,A2B-13,upper_block_cross,40.025,234.025,0.0,210.025,234.025,0.0,edge,right,19.8,19.8,170.0,55.0,office_teaching_room;warehouse_shelf_aisle;wide_hall
arena_large_250x300_2d_005,large,A2B-14,lower_block_cross,40.025,66.025,0.0,210.025,66.025,0.0,edge,left,19.9,19.9,170.0,55.0,office_teaching_room;wide_hall;2m_door
arena_large_250x300_2d_005,large,A2B-15,southwest_to_northeast,40.025,72.025,0.7425,210.025,228.025,2.3133,edge,left,17.55,17.65,230.729,55.0,office_teaching_room;warehouse_shelf_aisle;2m_door
arena_large_250x300_2d_005,large,A2B-16,southeast_to_northwest,210.025,72.025,2.3991,40.025,228.025,0.8283,edge,right,17.55,17.65,230.729,55.0,office_teaching_room;warehouse_shelf_aisle;2m_door
arena_large_250x300_2d_005,large,A2B-17,plaza_east_west_local,87.525,150.025,0.0,162.525,150.025,0.0,center,none,6.1,6.1,75.0,55.0,central_plaza;wide_corridor
arena_large_250x300_2d_005,large,A2B-18,plaza_north_south_local,125.025,105.025,1.5708,125.025,195.025,1.5708,center,none,15.15,15.05,90.0,55.0,central_plaza;wide_corridor
arena_large_250x300_2d_005,large,A2B-19,northwest_to_southeast,30.025,228.025,-0.6874,220.025,72.025,0.8833,none,none,17.65,17.55,245.837,55.0,office_teaching_room;wide_corridor;2m_door
arena_large_250x300_2d_005,large,A2B-20,northeast_to_southwest,220.025,228.025,-2.4541,30.025,72.025,2.2582,none,none,17.65,17.55,245.837,55.0,warehouse_shelf_aisle;wide_corridor;2m_door
arena_large_300x500_2d_005,large,A2B-01,long_east_west,24.025,250.025,0.0,276.025,250.025,0.0,center,none,23.85,23.85,252.0,66.0,east_west_main_corridor;central_plaza
arena_large_300x500_2d_005,large,A2B-02,long_north_south,150.025,40.025,1.5708,150.025,460.025,1.5708,center,none,39.9,39.8,420.0,66.0,north_south_main_corridor;central_plaza
arena_large_300x500_2d_005,large,A2B-03,long_diagonal_sw_ne,30.025,60.025,1.0075,270.025,440.025,2.5783,none,none,1.35,2.3,449.444,66.0,wide_corridor;central_plaza
arena_large_300x500_2d_005,large,A2B-04,long_diagonal_nw_se,30.025,440.025,-1.0075,270.025,60.025,-2.5783,none,none,1.35,1.35,449.444,66.0,wide_corridor;central_plaza
arena_large_300x500_2d_005,large,A2B-05,room_to_room_diagonal,48.025,390.025,-0.9412,252.025,110.025,0.6296,edge,left,37.8,37.9,346.433,66.0,office_teaching_room;2m_door
arena_large_300x500_2d_005,large,A2B-06,warehouse_to_room_diagonal,252.025,390.025,-2.2004,48.025,110.025,2.5119,edge,right,37.8,37.9,346.433,66.0,warehouse_shelf_aisle;office_teaching_room;2m_door
arena_large_300x500_2d_005,large,A2B-07,room_to_warehouse_diagonal,48.025,110.025,0.9412,252.025,390.025,-2.2004,edge,left,37.9,37.8,346.433,66.0,office_teaching_room;warehouse_shelf_aisle;2m_door
arena_large_300x500_2d_005,large,A2B-08,room_cross_diagonal,252.025,110.025,2.2004,48.025,390.025,-0.9412,edge,right,37.9,37.8,346.433,66.0,office_teaching_room;wide_hall;2m_door
arena_large_300x500_2d_005,large,A2B-09,west_corridor_to_plaza,30.025,250.025,0.0,108.025,250.025,0.0,center,none,29.85,10.35,78.0,66.0,east_west_main_corridor;central_plaza
arena_large_300x500_2d_005,large,A2B-10,east_corridor_to_plaza,270.025,250.025,3.1416,192.025,250.025,-3.1416,center,none,29.85,10.35,78.0,66.0,east_west_main_corridor;central_plaza
arena_large_300x500_2d_005,large,A2B-11,south_corridor_to_plaza,150.025,50.025,1.5708,150.025,180.025,1.5708,center,none,31.997,27.4,130.0,66.0,north_south_main_corridor;central_plaza
arena_large_300x500_2d_005,large,A2B-12,north_corridor_to_plaza,150.025,450.025,-1.5708,150.025,320.025,-1.5708,center,none,32.097,27.3,130.0,66.0,north_south_main_corridor;central_plaza
arena_large_300x500_2d_005,large,A2B-13,upper_block_cross,48.025,390.025,0.0,252.025,390.025,0.0,edge,right,37.8,37.8,204.0,66.0,office_teaching_room;warehouse_shelf_aisle;wide_hall
arena_large_300x500_2d_005,large,A2B-14,lower_block_cross,48.025,110.025,0.0,252.025,110.025,0.0,edge,left,37.9,37.9,204.0,66.0,office_teaching_room;wide_hall;2m_door
arena_large_300x500_2d_005,large,A2B-15,southwest_to_northeast,48.025,120.025,0.9055,252.025,380.025,2.4763,edge,left,32.3,32.4,330.478,66.0,office_teaching_room;warehouse_shelf_aisle;2m_door
arena_large_300x500_2d_005,large,A2B-16,southeast_to_northwest,252.025,120.025,2.2361,48.025,380.025,0.6653,edge,right,32.3,32.4,330.478,66.0,office_teaching_room;warehouse_shelf_aisle;2m_door
arena_large_300x500_2d_005,large,A2B-17,plaza_east_west_local,105.025,250.025,0.0,195.025,250.025,0.0,center,none,7.35,7.35,90.0,66.0,central_plaza;wide_corridor
arena_large_300x500_2d_005,large,A2B-18,plaza_north_south_local,150.025,175.025,1.5708,150.025,325.025,1.5708,center,none,22.4,22.3,150.0,66.0,central_plaza;wide_corridor
arena_large_300x500_2d_005,large,A2B-19,northwest_to_southeast,36.025,380.025,-0.8509,264.025,120.025,0.7199,none,none,32.4,32.3,345.809,66.0,office_teaching_room;wide_corridor;2m_door
arena_large_300x500_2d_005,large,A2B-20,northeast_to_southwest,264.025,380.025,-2.2907,36.025,120.025,2.4217,none,none,32.4,32.3,345.809,66.0,warehouse_shelf_aisle;wide_corridor;2m_door
arena_xlarge_500x500_2d_005,xlarge,A2B-01,long_east_west,40.025,250.025,0.0,460.025,250.025,0.0,center,none,39.85,39.85,420.0,125.0,east_west_main_corridor;central_plaza
arena_xlarge_500x500_2d_005,xlarge,A2B-02,long_north_south,250.025,40.025,1.5708,250.025,460.025,1.5708,center,none,39.9,39.8,420.0,125.0,north_south_main_corridor;central_plaza
arena_xlarge_500x500_2d_005,xlarge,A2B-03,long_diagonal_sw_ne,50.025,59.175,0.7619,450.025,440.775,2.3327,none,none,0.85,0.85,552.828,125.0,wide_corridor;central_plaza
arena_xlarge_500x500_2d_005,xlarge,A2B-04,long_diagonal_nw_se,50.025,440.775,-0.7619,450.025,59.175,-2.3327,none,none,0.85,0.85,552.828,125.0,wide_corridor;central_plaza
arena_xlarge_500x500_2d_005,xlarge,A2B-05,room_to_room_diagonal,80.025,390.025,-0.6889,420.025,110.025,0.8819,edge,left,29.8,29.9,440.454,125.0,office_teaching_room;2m_door
arena_xlarge_500x500_2d_005,xlarge,A2B-06,warehouse_to_room_diagonal,420.025,390.025,-2.4527,80.025,110.025,2.2597,edge,right,29.8,29.9,440.454,125.0,warehouse_shelf_aisle;office_teaching_room;2m_door
arena_xlarge_500x500_2d_005,xlarge,A2B-07,room_to_warehouse_diagonal,80.025,110.025,0.6889,420.025,390.025,-2.4527,edge,left,29.9,29.8,440.454,125.0,office_teaching_room;warehouse_shelf_aisle;2m_door
arena_xlarge_500x500_2d_005,xlarge,A2B-08,room_cross_diagonal,420.025,110.025,2.4527,80.025,390.025,-0.6889,edge,right,29.9,29.8,440.454,125.0,office_teaching_room;wide_hall;2m_door
arena_xlarge_500x500_2d_005,xlarge,A2B-09,west_corridor_to_plaza,50.025,250.025,0.0,180.025,250.025,0.0,center,none,49.85,17.35,130.0,125.0,east_west_main_corridor;central_plaza
arena_xlarge_500x500_2d_005,xlarge,A2B-10,east_corridor_to_plaza,450.025,250.025,3.1416,320.025,250.025,-3.1416,center,none,49.85,17.35,130.0,125.0,east_west_main_corridor;central_plaza
arena_xlarge_500x500_2d_005,xlarge,A2B-11,south_corridor_to_plaza,250.025,50.025,1.5708,250.025,180.025,1.5708,center,none,39.997,19.15,130.0,125.0,north_south_main_corridor;central_plaza
arena_xlarge_500x500_2d_005,xlarge,A2B-12,north_corridor_to_plaza,250.025,450.025,-1.5708,250.025,320.025,-1.5708,center,none,40.097,19.25,130.0,125.0,north_south_main_corridor;central_plaza
arena_xlarge_500x500_2d_005,xlarge,A2B-13,upper_block_cross,80.025,390.025,0.0,420.025,390.025,0.0,edge,right,29.8,29.8,340.0,125.0,office_teaching_room;warehouse_shelf_aisle;wide_hall
arena_xlarge_500x500_2d_005,xlarge,A2B-14,lower_block_cross,80.025,110.025,0.0,420.025,110.025,0.0,edge,left,29.9,29.9,340.0,125.0,office_teaching_room;wide_hall;2m_door
arena_xlarge_500x500_2d_005,xlarge,A2B-15,southwest_to_northeast,80.025,120.025,0.6528,420.025,380.025,2.2236,edge,left,27.3,27.4,428.019,125.0,office_teaching_room;warehouse_shelf_aisle;2m_door
arena_xlarge_500x500_2d_005,xlarge,A2B-16,southeast_to_northwest,420.025,120.025,2.4887,80.025,380.025,0.9179,edge,right,27.3,27.4,428.019,125.0,office_teaching_room;warehouse_shelf_aisle;2m_door
arena_xlarge_500x500_2d_005,xlarge,A2B-17,plaza_east_west_local,175.025,250.025,0.0,325.025,250.025,0.0,center,none,12.35,12.35,150.0,125.0,central_plaza;wide_corridor
arena_xlarge_500x500_2d_005,xlarge,A2B-18,plaza_north_south_local,250.025,175.025,1.5708,250.025,325.025,1.5708,center,none,24.15,24.25,150.0,125.0,central_plaza;wide_corridor
arena_xlarge_500x500_2d_005,xlarge,A2B-19,northwest_to_southeast,60.025,380.025,-0.6001,440.025,120.025,0.9707,none,none,27.4,27.3,460.435,125.0,office_teaching_room;wide_corridor;2m_door
arena_xlarge_500x500_2d_005,xlarge,A2B-20,northeast_to_southwest,440.025,380.025,-2.5415,60.025,120.025,2.1708,none,none,27.4,27.3,460.435,125.0,warehouse_shelf_aisle;wide_corridor;2m_door
arena_xlarge_600x400_2d_005,xlarge,A2B-01,long_east_west,48.025,200.025,0.0,552.025,200.025,0.0,center,none,47.85,47.85,504.0,100.0,east_west_main_corridor;central_plaza
arena_xlarge_600x400_2d_005,xlarge,A2B-02,long_north_south,300.025,32.025,1.5708,300.025,368.025,1.5708,center,none,31.9,31.8,336.0,100.0,north_south_main_corridor;central_plaza
arena_xlarge_600x400_2d_005,xlarge,A2B-03,long_diagonal_sw_ne,60.025,47.125,0.5671,540.025,352.825,2.1379,none,none,0.85,0.85,569.08,100.0,wide_corridor;central_plaza
arena_xlarge_600x400_2d_005,xlarge,A2B-04,long_diagonal_nw_se,60.025,352.825,-0.5671,540.025,47.125,-2.1379,none,none,0.85,0.85,569.08,100.0,wide_corridor;central_plaza
arena_xlarge_600x400_2d_005,xlarge,A2B-05,room_to_room_diagonal,96.025,312.025,-0.5021,504.025,88.025,1.0687,edge,left,23.8,23.9,465.446,100.0,office_teaching_room;2m_door
arena_xlarge_600x400_2d_005,xlarge,A2B-06,warehouse_to_room_diagonal,504.025,312.025,-2.6395,96.025,88.025,2.0729,edge,right,23.8,23.9,465.446,100.0,warehouse_shelf_aisle;office_teaching_room;2m_door
arena_xlarge_600x400_2d_005,xlarge,A2B-07,room_to_warehouse_diagonal,96.025,88.025,0.5021,504.025,312.025,-2.6395,edge,left,23.9,23.8,465.446,100.0,office_teaching_room;warehouse_shelf_aisle;2m_door
arena_xlarge_600x400_2d_005,xlarge,A2B-08,room_cross_diagonal,504.025,88.025,2.6395,96.025,312.025,-0.5021,edge,right,23.9,23.8,465.446,100.0,office_teaching_room;wide_hall;2m_door
arena_xlarge_600x400_2d_005,xlarge,A2B-09,west_corridor_to_plaza,60.025,200.025,0.0,216.025,200.025,0.0,center,none,59.85,15.85,156.0,100.0,east_west_main_corridor;central_plaza
arena_xlarge_600x400_2d_005,xlarge,A2B-10,east_corridor_to_plaza,540.025,200.025,3.1416,384.025,200.025,-3.1416,center,none,59.85,15.85,156.0,100.0,east_west_main_corridor;central_plaza
arena_xlarge_600x400_2d_005,xlarge,A2B-11,south_corridor_to_plaza,300.025,40.025,1.5708,300.025,144.025,1.5708,center,none,31.997,15.15,104.0,100.0,north_south_main_corridor;central_plaza
arena_xlarge_600x400_2d_005,xlarge,A2B-12,north_corridor_to_plaza,300.025,360.025,-1.5708,300.025,256.025,-1.5708,center,none,32.097,15.25,104.0,100.0,north_south_main_corridor;central_plaza
arena_xlarge_600x400_2d_005,xlarge,A2B-13,upper_block_cross,96.025,312.025,0.0,504.025,312.025,0.0,edge,right,23.8,23.8,408.0,100.0,office_teaching_room;warehouse_shelf_aisle;wide_hall
arena_xlarge_600x400_2d_005,xlarge,A2B-14,lower_block_cross,96.025,88.025,0.0,504.025,88.025,0.0,edge,left,23.9,23.9,408.0,100.0,office_teaching_room;wide_hall;2m_door
arena_xlarge_600x400_2d_005,xlarge,A2B-15,southwest_to_northeast,96.025,96.025,0.4715,504.025,304.025,2.0423,edge,left,21.8,21.9,457.961,100.0,office_teaching_room;warehouse_shelf_aisle;2m_door
arena_xlarge_600x400_2d_005,xlarge,A2B-16,southeast_to_northwest,504.025,96.025,2.6701,96.025,304.025,1.0993,edge,right,21.8,21.9,457.961,100.0,office_teaching_room;warehouse_shelf_aisle;2m_door
arena_xlarge_600x400_2d_005,xlarge,A2B-17,plaza_east_west_local,210.025,200.025,0.0,390.025,200.025,0.0,center,none,9.85,9.85,180.0,100.0,central_plaza;wide_corridor
arena_xlarge_600x400_2d_005,xlarge,A2B-18,plaza_north_south_local,300.025,140.025,1.5708,300.025,260.025,1.5708,center,none,19.15,19.25,120.0,100.0,central_plaza;wide_corridor
arena_xlarge_600x400_2d_005,xlarge,A2B-19,northwest_to_southeast,72.025,304.025,-0.4279,528.025,96.025,1.1428,none,none,21.9,21.8,501.199,100.0,office_teaching_room;wide_corridor;2m_door
arena_xlarge_600x400_2d_005,xlarge,A2B-20,northeast_to_southwest,528.025,304.025,-2.7136,72.025,96.025,1.9987,none,none,21.9,21.8,501.199,100.0,warehouse_shelf_aisle;wide_corridor;2m_door
mentor_map_20260825_005,medium,A2B-01,long_east_west_central,12.225,40.275,-0.0038,155.875,39.725,-0.0038,center,none,0.819,0.81,143.651,15.12,east_west_main_corridor;central_transfer_zone
mentor_map_20260825_005,medium,A2B-02,long_north_south_central,80.225,13.425,1.4494,86.725,66.725,1.4494,center,none,0.81,0.82,53.695,15.12,north_south_crossing;wide_cross_aisle
mentor_map_20260825_005,medium,A2B-03,long_diagonal_sw_ne,14.875,9.775,0.4002,152.825,68.125,1.971,none,none,0.869,0.86,149.783,15.12,perimeter_corridor;warehouse_shelf_aisle;wide_cross_aisle
mentor_map_20260825_005,medium,A2B-04,long_diagonal_nw_se,16.925,60.775,-0.3074,148.125,19.125,-1.8782,none,none,0.81,0.88,137.652,15.12,perimeter_corridor;warehouse_shelf_aisle;wide_cross_aisle
mentor_map_20260825_005,medium,A2B-05,lower_east_west_cross,19.625,19.175,-0.0048,144.275,18.575,1.566,edge,left,0.849,0.85,124.651,15.12,lower_cross_aisle;warehouse_shelf_aisle
mentor_map_20260825_005,medium,A2B-06,upper_east_west_cross,20.125,55.575,0.0237,144.625,58.525,-1.5471,edge,right,0.819,0.829,124.535,15.12,upper_cross_aisle;warehouse_shelf_aisle
mentor_map_20260825_005,medium,A2B-07,west_north_south_aisle,31.575,10.775,1.5756,31.325,62.425,-1.566,edge,left,0.81,0.81,51.651,15.12,vertical_aisle;west_warehouse_block
mentor_map_20260825_005,medium,A2B-08,east_north_south_aisle,131.175,17.625,1.576,130.925,65.575,-1.5656,edge,right,0.86,0.819,47.951,15.12,vertical_aisle;east_warehouse_block
mentor_map_20260825_005,medium,A2B-09,west_to_central_transfer,11.825,37.075,0.0765,71.175,41.625,0.0765,center,none,0.81,0.829,59.524,15.12,west_main_corridor;central_transfer_zone
mentor_map_20260825_005,medium,A2B-10,east_to_central_transfer,156.475,37.075,-3.1127,92.525,35.225,-3.1127,center,none,0.819,0.81,63.977,15.12,east_main_corridor;central_transfer_zone
mentor_map_20260825_005,medium,A2B-11,south_to_central_transfer,76.925,12.675,1.4494,79.425,33.175,1.4494,center,none,0.829,0.81,20.652,15.12,south_cross_aisle;central_transfer_zone
mentor_map_20260825_005,medium,A2B-12,north_to_central_transfer,86.725,66.725,-1.6246,85.425,42.575,-1.6246,center,none,0.82,0.839,24.185,15.12,north_cross_aisle;central_transfer_zone
mentor_map_20260825_005,medium,A2B-13,upper_block_cross,34.875,53.425,0.0216,127.575,55.425,0.0216,edge,right,0.81,0.82,92.722,15.12,upper_cross_aisle;warehouse_shelf_aisle
mentor_map_20260825_005,medium,A2B-14,lower_block_cross,36.275,21.525,0.0253,129.175,23.875,0.0253,edge,left,0.82,0.85,92.93,15.12,lower_cross_aisle;warehouse_shelf_aisle
mentor_map_20260825_005,medium,A2B-15,southwest_to_northeast,23.175,12.775,0.4181,134.825,62.375,1.9889,edge,left,0.83,0.87,122.172,15.12,vertical_aisle;wide_cross_aisle;warehouse_shelf_aisle
mentor_map_20260825_005,medium,A2B-16,southeast_to_northwest,142.725,15.025,2.7472,29.675,62.075,1.1764,edge,right,0.81,1.248,122.45,15.12,vertical_aisle;wide_cross_aisle;warehouse_shelf_aisle
mentor_map_20260825_005,medium,A2B-17,central_east_west_local,51.625,39.125,-0.0201,111.175,37.925,-0.0201,center,none,0.81,0.81,59.562,15.12,central_transfer_zone;east_west_main_corridor
mentor_map_20260825_005,medium,A2B-18,central_north_south_local,82.175,21.225,1.56,82.525,53.725,1.56,center,none,0.929,0.81,32.502,15.12,central_transfer_zone;north_south_crossing
mentor_map_20260825_005,medium,A2B-19,northwest_to_southeast_inner,41.125,54.525,-0.3837,123.475,21.275,1.187,none,none,0.849,0.88,88.809,15.12,warehouse_shelf_aisle;wide_cross_aisle
mentor_map_20260825_005,medium,A2B-20,northeast_to_southwest_inner,123.475,54.675,-2.7558,41.125,21.225,1.9566,none,none,0.89,1.019,88.884,15.12,warehouse_shelf_aisle;wide_cross_aisle
mentor_map_20260825_005_4x_area,medium,A2B-01,long_east_west_central,24.375,80.475,-0.0035,311.775,79.475,-0.0035,center,none,1.618,1.569,287.402,30.24,east_west_main_corridor;central_transfer_zone
mentor_map_20260825_005_4x_area,medium,A2B-02,long_north_south_central,160.475,26.875,1.4494,173.475,133.475,1.4494,center,none,1.58,1.599,107.39,30.24,north_south_crossing;wide_cross_aisle
mentor_map_20260825_005_4x_area,medium,A2B-03,long_diagonal_sw_ne,29.675,19.475,0.4,305.675,136.175,1.9708,none,none,1.618,1.61,299.658,30.24,perimeter_corridor;warehouse_shelf_aisle;wide_cross_aisle
mentor_map_20260825_005_4x_area,medium,A2B-04,long_diagonal_nw_se,33.875,121.575,-0.3078,296.175,38.175,-1.8786,none,none,1.55,1.658,275.24,30.24,perimeter_corridor;warehouse_shelf_aisle;wide_cross_aisle
mentor_map_20260825_005_4x_area,medium,A2B-05,lower_east_west_cross,39.175,38.275,-0.0048,288.575,37.075,1.566,edge,left,1.608,1.59,249.403,30.24,lower_cross_aisle;warehouse_shelf_aisle
mentor_map_20260825_005_4x_area,medium,A2B-06,upper_east_west_cross,40.175,111.175,0.0233,289.175,116.975,-1.5475,edge,right,1.608,1.62,249.068,30.24,upper_cross_aisle;warehouse_shelf_aisle
mentor_map_20260825_005_4x_area,medium,A2B-07,west_north_south_aisle,63.175,21.575,1.5756,62.675,124.875,-1.566,edge,left,1.59,1.57,103.301,30.24,vertical_aisle;west_warehouse_block
mentor_map_20260825_005_4x_area,medium,A2B-08,east_north_south_aisle,262.375,35.175,1.576,261.875,131.075,-1.5656,edge,right,1.61,1.568,95.901,30.24,vertical_aisle;east_warehouse_block
mentor_map_20260825_005_4x_area,medium,A2B-09,west_to_central_transfer,23.575,74.175,0.0757,142.275,83.175,0.0757,center,none,1.58,1.609,119.041,30.24,west_main_corridor;central_transfer_zone
mentor_map_20260825_005_4x_area,medium,A2B-10,east_to_central_transfer,312.875,74.175,-3.1126,185.075,70.475,-3.1126,center,none,1.568,1.56,127.854,30.24,east_main_corridor;central_transfer_zone
mentor_map_20260825_005_4x_area,medium,A2B-11,south_to_central_transfer,153.775,25.275,1.4473,158.875,66.375,1.4473,center,none,1.638,1.58,41.415,30.24,south_cross_aisle;central_transfer_zone
mentor_map_20260825_005_4x_area,medium,A2B-12,north_to_central_transfer,173.475,133.475,-1.6265,170.775,85.075,-1.6265,center,none,1.599,1.608,48.475,30.24,north_cross_aisle;central_transfer_zone
mentor_map_20260825_005_4x_area,medium,A2B-13,upper_block_cross,69.775,106.875,0.021,255.075,110.775,0.021,edge,right,1.609,1.61,185.341,30.24,upper_cross_aisle;warehouse_shelf_aisle
mentor_map_20260825_005_4x_area,medium,A2B-14,lower_block_cross,72.475,43.075,0.0248,258.275,47.675,0.0248,edge,left,1.57,1.61,185.857,30.24,lower_cross_aisle;warehouse_shelf_aisle
mentor_map_20260825_005_4x_area,medium,A2B-15,southwest_to_northeast,46.275,25.575,0.4177,269.575,124.675,1.9885,edge,left,1.65,1.649,244.302,30.24,vertical_aisle;wide_cross_aisle;warehouse_shelf_aisle
mentor_map_20260825_005_4x_area,medium,A2B-16,southeast_to_northwest,285.375,29.875,2.7468,59.275,124.075,1.176,edge,right,1.65,2.407,244.938,30.24,vertical_aisle;wide_cross_aisle;warehouse_shelf_aisle
mentor_map_20260825_005_4x_area,medium,A2B-17,central_east_west_local,103.175,78.175,-0.0193,222.375,75.875,-0.0193,center,none,1.599,1.57,119.222,30.24,central_transfer_zone;east_west_main_corridor
mentor_map_20260825_005_4x_area,medium,A2B-18,central_north_south_local,164.375,42.375,1.56,165.075,107.475,1.56,center,none,1.828,1.55,65.104,30.24,central_transfer_zone;north_south_crossing
mentor_map_20260825_005_4x_area,medium,A2B-19,northwest_to_southeast_inner,82.275,108.975,-0.384,246.875,42.475,1.1868,none,none,1.679,1.639,177.526,30.24,warehouse_shelf_aisle;wide_cross_aisle
mentor_map_20260825_005_4x_area,medium,A2B-20,northeast_to_southwest_inner,246.875,109.275,-2.7555,82.275,42.375,1.9568,none,none,1.639,1.958,177.676,30.24,warehouse_shelf_aisle;wide_cross_aisle
