planner,config_variant,metric,count,total_runs,action_success_count,action_success_rate,static_footprint_valid_count,static_footprint_valid_rate,final_valid_success_count,final_valid_success_rate,collision_path_count,mean,std,P50,P95,P99,min,max
navfn,normalized,planning_time_ms,50,50,50,1.0,50,1.0,50,1.0,0,9.12541022,1.4554195784316124,9.12986,11.511460899999998,12.330549779999998,5.916927,12.597834
navfn,normalized,wall_time_ms,50,50,50,1.0,50,1.0,50,1.0,0,50.35470307999999,44.7171251516943,45.803923,70.54934795,212.83270098999944,26.059538,349.309583
navfn,normalized,cpu_total_ms,50,50,50,1.0,50,1.0,50,1.0,0,10.4,4.0203563655629395,10.0,20.0,20.0,0.0,20.0
navfn,normalized,cpu_percent,50,50,50,1.0,50,1.0,50,1.0,0,24.041329432085732,11.621451386173334,21.83237053514815,38.29528991076196,57.978320076725495,0.0,68.3142585691271
navfn,normalized,planner_rss_peak_bytes,50,50,50,1.0,50,1.0,50,1.0,0,127898173.44,412975.7466146467,127854592.0,128655155.2,129052631.04,127303680.0,129150976.0
navfn,normalized,planner_pss_peak_bytes,50,50,50,1.0,50,1.0,50,1.0,0,92398018.56,426954.6572583777,92343296.0,93217587.2,93615063.04,91760640.0,93713408.0
navfn,normalized,stack_rss_peak_bytes,50,50,50,1.0,50,1.0,50,1.0,0,238175518.72,445364.4025439714,238118912.0,239025971.2,239423447.04,237588480.0,239521792.0
navfn,normalized,stack_pss_peak_bytes,50,50,50,1.0,50,1.0,50,1.0,0,137005404.16,445590.2530842982,136944128.0,137875251.2,138272727.04,136344576.0,138371072.0
navfn,normalized,path_length_m,50,50,50,1.0,50,1.0,50,1.0,0,28.35535413758274,10.649805744648681,28.094562490270484,52.647231305593415,52.647231305593415,14.238579162212018,52.647231305593415
navfn,normalized,euclidean_distance_m,50,50,50,1.0,50,1.0,50,1.0,0,21.056678798969322,6.860808392084242,21.625483490613096,35.05567001213926,35.05567001213926,12.969194269498782,35.05567001213926
navfn,normalized,length_over_euclidean,50,50,50,1.0,50,1.0,50,1.0,0,1.3488473025488548,0.2670986709870892,1.250629089193511,1.935674884937477,1.935674884937477,1.084224444160957,1.935674884937477
navfn,normalized,length_over_navfn,50,50,50,1.0,50,1.0,50,1.0,0,1.0,0.0,1.0,1.0,1.0,1.0,1.0
navfn,normalized,length_over_shortest_observed_valid,50,50,50,1.0,50,1.0,50,1.0,0,1.0057961206863184,0.010665419703693493,1.0,1.0299422556336226,1.0299422556336226,1.0,1.0299422556336226
navfn,normalized,minimum_clearance_m,50,50,50,1.0,50,1.0,50,1.0,0,0.5227829962968826,0.05163703627526691,0.5246124863624573,0.6000000238418579,0.6000000238418579,0.4000000059604645,0.6000000238418579
navfn,normalized,clearance_p05_m,50,50,50,1.0,50,1.0,50,1.0,0,0.6056589782238007,0.027810631097202533,0.6096124947071075,0.6500000357627869,0.6500000357627869,0.550000011920929,0.6500000357627869
navfn,normalized,clearance_p50_m,50,50,50,1.0,50,1.0,50,1.0,0,0.8606977164745331,0.1336230944454414,0.8750000298023224,1.0887597799301147,1.0887597799301147,0.6500000357627869,1.0887597799301147
navfn,normalized,footprint_collision_count,50,50,50,1.0,50,1.0,50,1.0,0,0.0,0.0,0.0,0.0,0.0,0.0,0.0
navfn,normalized,heading_change_p95_rad,50,50,50,1.0,50,1.0,50,1.0,0,0.0,0.0,0.0,0.0,0.0,0.0,0.0
navfn,normalized,curvature_p95_per_m,50,50,50,1.0,50,1.0,50,1.0,0,10.110255219401562,7.129403527372642,7.438159205965634,27.33184763360861,27.33184763360861,3.658116729759085,27.33184763360861
navfn,normalized,preferred_radius_violation_count,50,50,50,1.0,50,1.0,50,1.0,0,231.6,173.09912224632734,182.0,636.0,636.0,74.0,636.0
navfn,normalized,in_place_rotation_count,50,50,50,1.0,50,1.0,50,1.0,0,0.0,0.0,0.0,0.0,0.0,0.0,0.0
navfn,normalized,reverse_distance_m,50,50,50,1.0,50,1.0,50,1.0,0,15.305868372511918,12.331917071032418,19.554830029546753,35.41609361795899,35.41609361795899,0.090009133909686,35.41609361795899
navfn,normalized,reverse_ratio,50,50,50,1.0,50,1.0,50,1.0,0,0.49071409782776754,0.3895776283960593,0.5306090442905241,0.9792623844734256,0.9792623844734256,0.0063214968912461,0.9792623844734256
navfn,product,planning_time_ms,50,50,50,1.0,50,1.0,50,1.0,0,9.94435122,1.801961588600604,10.156349500000001,12.06560815,13.934314689999999,6.146524,14.211076
navfn,product,wall_time_ms,50,50,50,1.0,50,1.0,50,1.0,0,46.75393126,13.368790451661862,47.6604085,70.23421625,85.08965794999995,25.731111,98.651704
navfn,product,cpu_total_ms,50,50,50,1.0,50,1.0,50,1.0,0,12.2,5.454823740581937,10.0,20.0,25.09999999999998,0.0,30.0
navfn,product,cpu_percent,50,50,50,1.0,50,1.0,50,1.0,0,27.577390954795618,14.02524777956148,23.9653917000923,47.63637392818414,70.38384612886126,0.0,77.81685740356585
navfn,product,planner_rss_peak_bytes,50,50,50,1.0,50,1.0,50,1.0,0,127883018.24,392148.02233530674,127821824.0,128606003.2,129003479.04,127311872.0,129101824.0
navfn,product,planner_pss_peak_bytes,50,50,50,1.0,50,1.0,50,1.0,0,92390932.48,398069.7032205946,92327424.0,93182771.2,93580247.04,91834368.0,93678592.0
navfn,product,stack_rss_peak_bytes,50,50,50,1.0,50,1.0,50,1.0,0,238207959.04,425437.53759298444,238098432.0,238974361.6,239349719.04,237604864.0,239448064.0
navfn,product,stack_pss_peak_bytes,50,50,50,1.0,50,1.0,50,1.0,0,137006940.16,405822.16587531165,136934400.0,137789235.2,138186711.04,136415232.0,138285056.0
navfn,product,path_length_m,50,50,50,1.0,50,1.0,50,1.0,0,28.35535413758274,10.649805744648681,28.094562490270484,52.647231305593415,52.647231305593415,14.238579162212018,52.647231305593415
navfn,product,euclidean_distance_m,50,50,50,1.0,50,1.0,50,1.0,0,21.056678798969322,6.860808392084242,21.625483490613096,35.05567001213926,35.05567001213926,12.969194269498782,35.05567001213926
navfn,product,length_over_euclidean,50,50,50,1.0,50,1.0,50,1.0,0,1.3488473025488548,0.2670986709870892,1.250629089193511,1.935674884937477,1.935674884937477,1.084224444160957,1.935674884937477
navfn,product,length_over_navfn,50,50,50,1.0,50,1.0,50,1.0,0,1.0,0.0,1.0,1.0,1.0,1.0,1.0
navfn,product,length_over_shortest_observed_valid,50,50,50,1.0,50,1.0,50,1.0,0,1.0031845645052997,0.00902801181185094,1.0,1.029942289880104,1.029942289880104,1.0,1.029942289880104
navfn,product,minimum_clearance_m,50,50,50,1.0,50,1.0,50,1.0,0,0.5227829962968826,0.05163703627526691,0.5246124863624573,0.6000000238418579,0.6000000238418579,0.4000000059604645,0.6000000238418579
navfn,product,clearance_p05_m,50,50,50,1.0,50,1.0,50,1.0,0,0.6056589782238007,0.027810631097202533,0.6096124947071075,0.6500000357627869,0.6500000357627869,0.550000011920929,0.6500000357627869
navfn,product,clearance_p50_m,50,50,50,1.0,50,1.0,50,1.0,0,0.8606977164745331,0.1336230944454414,0.8750000298023224,1.0887597799301147,1.0887597799301147,0.6500000357627869,1.0887597799301147
navfn,product,footprint_collision_count,50,50,50,1.0,50,1.0,50,1.0,0,0.0,0.0,0.0,0.0,0.0,0.0,0.0
navfn,product,heading_change_p95_rad,50,50,50,1.0,50,1.0,50,1.0,0,0.0,0.0,0.0,0.0,0.0,0.0,0.0
navfn,product,curvature_p95_per_m,50,50,50,1.0,50,1.0,50,1.0,0,10.110255219401562,7.129403527372642,7.438159205965634,27.33184763360861,27.33184763360861,3.658116729759085,27.33184763360861
navfn,product,preferred_radius_violation_count,50,50,50,1.0,50,1.0,50,1.0,0,231.6,173.09912224632734,182.0,636.0,636.0,74.0,636.0
navfn,product,in_place_rotation_count,50,50,50,1.0,50,1.0,50,1.0,0,0.0,0.0,0.0,0.0,0.0,0.0,0.0
navfn,product,reverse_distance_m,50,50,50,1.0,50,1.0,50,1.0,0,15.305868372511918,12.331917071032418,19.554830029546753,35.41609361795899,35.41609361795899,0.090009133909686,35.41609361795899
navfn,product,reverse_ratio,50,50,50,1.0,50,1.0,50,1.0,0,0.49071409782776754,0.3895776283960593,0.5306090442905241,0.9792623844734256,0.9792623844734256,0.0063214968912461,0.9792623844734256
smac_hybrid,normalized,planning_time_ms,50,50,50,1.0,40,0.8,40,0.8,10,37.02908730000001,33.85205675169287,22.415436,101.10065575,117.80024591999995,9.673525,132.025824
smac_hybrid,normalized,wall_time_ms,50,50,50,1.0,40,0.8,40,0.8,10,50.804335179999995,34.711641880397615,35.0595875,116.74998599999999,134.20627474999995,18.235142,147.48171
smac_hybrid,normalized,cpu_total_ms,50,50,50,1.0,40,0.8,40,0.8,10,39.2,34.690468019739534,20.0,110.0,120.19999999999996,10.0,130.0
smac_hybrid,normalized,cpu_percent,50,50,50,1.0,40,0.8,40,0.8,10,69.9834910161486,19.054751528399393,67.38071788615544,94.87204605659792,103.41097333824793,30.4353660414299,109.67833428442728
smac_hybrid,normalized,planner_rss_peak_bytes,50,50,50,1.0,40,0.8,40,0.8,10,130317271.04,6105499.674373752,127397888.0,146528460.8,146530304.0,124968960.0,146530304.0
smac_hybrid,normalized,planner_pss_peak_bytes,50,50,50,1.0,40,0.8,40,0.8,10,94719938.56,6090677.16815757,91790848.0,110869708.8,110871552.0,89330688.0,110871552.0
smac_hybrid,normalized,stack_rss_peak_bytes,50,50,50,1.0,40,0.8,40,0.8,10,240633774.08,6138390.836987246,237768704.0,256940236.8,256942080.0,235266048.0,256942080.0
smac_hybrid,normalized,stack_pss_peak_bytes,50,50,50,1.0,40,0.8,40,0.8,10,139309158.4,6080480.678495914,136434176.0,155449548.8,155451392.0,133977088.0,155451392.0
smac_hybrid,normalized,path_length_m,50,50,50,1.0,40,0.8,40,0.8,10,28.312725586722465,10.068429658553658,27.864523810559575,51.463592791944365,51.463592791944365,15.053934301930868,51.463592791944365
smac_hybrid,normalized,euclidean_distance_m,50,50,50,1.0,40,0.8,40,0.8,10,21.056678798969322,6.860808392084242,21.625483490613096,35.05567001213926,35.05567001213926,12.969194269498782,35.05567001213926
smac_hybrid,normalized,length_over_euclidean,50,50,50,1.0,40,0.8,40,0.8,10,1.3519963008825386,0.23410388706964685,1.2535523495321486,1.8794013687171676,1.8794013687171676,1.100865555127826,1.8794013687171676
smac_hybrid,normalized,length_over_navfn,40,50,50,1.0,40,0.8,40,0.8,10,1.0127773294516915,0.032915005507740416,1.0087715574335512,1.0686118986692255,1.0686118986692255,0.9709282190629202,1.0686118986692255
smac_hybrid,normalized,length_over_shortest_observed_valid,40,50,50,1.0,40,0.8,40,0.8,10,1.019845901665375,0.025894587872791395,1.0087715574335512,1.0686118986692255,1.0686118986692255,1.0,1.0686118986692255
smac_hybrid,normalized,minimum_clearance_m,50,50,50,1.0,40,0.8,40,0.8,10,0.39984499514102934,0.07981094473514967,0.4000000059604645,0.5492249727249146,0.5492249727249146,0.2598449885845184,0.5492249727249146
smac_hybrid,normalized,clearance_p05_m,50,50,50,1.0,40,0.8,40,0.8,10,0.536829486489296,0.08906521106867978,0.509844958782196,0.75,0.75,0.4500000178813934,0.75
smac_hybrid,normalized,clearance_p50_m,50,50,50,1.0,40,0.8,40,0.8,10,0.8757984876632691,0.1524261456445389,0.9049225151538849,1.2000000476837158,1.2000000476837158,0.6500000357627869,1.2000000476837158
smac_hybrid,normalized,footprint_collision_count,50,50,50,1.0,40,0.8,40,0.8,10,0.2,0.4040610178208843,0.0,1.0,1.0,0.0,1.0
smac_hybrid,normalized,heading_change_p95_rad,50,50,50,1.0,40,0.8,40,0.8,10,0.04638919976624829,0.01119204850806424,0.05205715833777175,0.0581776301066083,0.0581776301066083,0.0205165022286383,0.0581776301066083
smac_hybrid,normalized,curvature_p95_per_m,50,50,50,1.0,40,0.8,40,0.8,10,1.7199464031782181,0.3977906342406457,1.6129898271392165,2.6037009545731924,2.6037009545731924,1.268767772464414,2.6037009545731924
smac_hybrid,normalized,preferred_radius_violation_count,50,50,50,1.0,40,0.8,40,0.8,10,49.8,13.596217961519404,49.5,73.0,73.0,32.0,73.0
smac_hybrid,normalized,in_place_rotation_count,50,50,50,1.0,40,0.8,40,0.8,10,0.0,0.0,0.0,0.0,0.0,0.0,0.0
smac_hybrid,normalized,reverse_distance_m,50,50,50,1.0,40,0.8,40,0.8,10,0.9571879325788702,0.8405067506305338,0.5651578978450033,2.466265959091617,2.466265959091617,0.0,2.466265959091617
smac_hybrid,normalized,reverse_ratio,50,50,50,1.0,40,0.8,40,0.8,10,0.0362570880757559,0.029329394418291622,0.02885902252432155,0.0919483725971479,0.0919483725971479,0.0,0.0919483725971479
smac_hybrid,product,planning_time_ms,50,50,40,0.8,35,0.7,35,0.7,5,51.14152195999999,52.01510155683306,29.8045,143.48232985,145.02708609,0.0,145.055829
smac_hybrid,product,wall_time_ms,50,50,40,0.8,35,0.7,35,0.7,5,134.97507056,180.21830188243553,62.7223835,615.3911226,655.6330989699999,12.175203,680.3988
smac_hybrid,product,cpu_total_ms,50,50,40,0.8,35,0.7,35,0.7,5,116.2,179.04383228011798,40.0,621.0,660.3999999999999,10.0,680.0
smac_hybrid,product,cpu_percent,50,50,40,0.8,35,0.7,35,0.7,5,76.55658647241802,22.87340265830271,80.81168269031741,101.65864606241252,130.72971824733983,22.94032684184787,131.10294019319852
smac_hybrid,product,planner_rss_peak_bytes,50,50,40,0.8,35,0.7,35,0.7,5,140242780.16,20938477.70774703,131473408.0,195829760.0,196293509.12,121954304.0,196739072.0
smac_hybrid,product,planner_pss_peak_bytes,50,50,40,0.8,35,0.7,35,0.7,5,104642273.28,20953945.733306147,95886336.0,160274432.0,160738703.35999998,86285312.0,161184768.0
smac_hybrid,product,stack_rss_peak_bytes,50,50,40,0.8,35,0.7,35,0.7,5,250566819.84,20904492.301062204,241850368.0,306200576.0,306664325.12,232337408.0,307109888.0
smac_hybrid,product,stack_pss_peak_bytes,50,50,40,0.8,35,0.7,35,0.7,5,149235548.16,20913799.839859497,140577792.0,204867584.0,205332377.6,130918400.0,205778944.0
smac_hybrid,product,path_length_m,40,50,40,0.8,35,0.7,35,0.7,5,31.715627383344252,10.107393422927142,30.512548623588685,53.717218005641215,53.717218005641215,17.20990668069198,53.717218005641215
smac_hybrid,product,euclidean_distance_m,40,50,40,0.8,35,0.7,35,0.7,5,22.79494825358423,6.604899821940058,24.39475555078453,35.05567001213926,35.05567001213926,12.969194269498782,35.05567001213926
smac_hybrid,product,length_over_euclidean,40,50,40,0.8,35,0.7,35,0.7,5,1.4018022246421837,0.2216531683940116,1.3143009536042034,1.8794013062254284,1.8794013062254284,1.1429724078288095,1.8794013062254284
smac_hybrid,product,length_over_navfn,35,50,40,0.8,35,0.7,35,0.7,5,1.0521886072770337,0.07342772372246924,1.027771122435344,1.2086814621479658,1.2086814621479658,0.9709281867787081,1.2086814621479658
smac_hybrid,product,length_over_shortest_observed_valid,35,50,40,0.8,35,0.7,35,0.7,5,1.056613114779258,0.06907428926357158,1.027771122435344,1.2086814621479658,1.2086814621479658,1.0,1.2086814621479658
smac_hybrid,product,minimum_clearance_m,40,50,40,0.8,35,0.7,35,0.7,5,0.3673643656075001,0.06921972078827733,0.38976749777793884,0.4598449766635895,0.4598449766635895,0.25,0.4598449766635895
smac_hybrid,product,clearance_p05_m,40,50,40,0.8,35,0.7,35,0.7,5,0.5248042978346348,0.06840627326240752,0.5,0.699999988079071,0.699999988079071,0.4795350134372711,0.699999988079071
smac_hybrid,product,clearance_p50_m,40,50,40,0.8,35,0.7,35,0.7,5,0.8997868746519089,0.10590021534703534,0.9147675335407257,1.0500000715255735,1.0500000715255735,0.75,1.0500000715255735
smac_hybrid,product,footprint_collision_count,40,50,40,0.8,35,0.7,35,0.7,5,3.5,9.378097778799171,0.0,28.0,28.0,0.0,28.0
smac_hybrid,product,heading_change_p95_rad,40,50,40,0.8,35,0.7,35,0.7,5,0.04848371156295745,0.00910000568593357,0.05202300302563055,0.061022966446139,0.061022966446139,0.033521364834125,0.061022966446139
smac_hybrid,product,curvature_p95_per_m,40,50,40,0.8,35,0.7,35,0.7,5,1.9237604689673478,0.6975139123516626,1.7806040728253205,3.2895437183064766,3.2895437183064766,1.1774393757455983,3.2895437183064766
smac_hybrid,product,preferred_radius_violation_count,40,50,40,0.8,35,0.7,35,0.7,5,58.0,16.832508230603462,54.0,83.0,83.0,34.0,83.0
smac_hybrid,product,in_place_rotation_count,40,50,40,0.8,35,0.7,35,0.7,5,0.0,0.0,0.0,0.0,0.0,0.0,0.0
smac_hybrid,product,reverse_distance_m,40,50,40,0.8,35,0.7,35,0.7,5,0.0,0.0,0.0,0.0,0.0,0.0,0.0
smac_hybrid,product,reverse_ratio,40,50,40,0.8,35,0.7,35,0.7,5,0.0,0.0,0.0,0.0,0.0,0.0,0.0
