run_id,query_id,mode,repetition,topology_path_length_m,full_grid_path_length_m,length_over_full_grid,final_path_length_m,length_over_euclidean,minimum_clearance_m,footprint_collision_count,topology_route_length_m,topology_route_width_min_m,topology_false_failure,source,grid_mode,topology_edge_ids,corridor_padding_used_m,expanded_nodes,generated_nodes,max_open_set_size,allowed_grid_cells,total_free_grid_cells,search_space_ratio,path_cost,search_time_ms,failure_code,total_online_time_ms,wall_time_ms,cpu_total_ms,cpu_percent,query_rss_peak_bytes,query_pss_peak_bytes,topology_build_wall_time_ms,amortized_topology_cost_ms
q00_full_grid_measured_1_1787293371962042499,q00,full_grid,1,,22.57670273047593,1.0,22.57670273047593,1.63320813476163,0.050000000745058,0,,,False,grid,full_grid,[],,27503.0,28094.0,926.0,252546.0,252546,1.0,22.57670273047593,187.128915,,245.091993,245.091993,250.0,102.0025162551924,169746432,144228352,7763.683896,776.3683896
q00_topology_guided_grid_measured_1_1787293372169307491,q00,topology_guided_grid,1,26.14974746830584,22.57670273047593,1.0,22.57670273047593,1.63320813476163,0.050000000745058,0,26.14974746830584,0.1000000014901161,False,grid,corridor,"[61, 60, 63, 66, 67, 75, 92, 90, 80, 79]",1.0,15284.0,15527.0,737.0,18877.0,252546,0.0747467788046534,22.57670273047593,114.479177,,202.169648,202.169648,220.0,108.81949994788536,170942464,144857088,7763.683896,776.3683896
q00_topology_guided_grid_fallback_measured_1_1787293372383969219,q00,topology_guided_grid_fallback,1,26.14974746830584,22.57670273047593,1.0,22.57670273047593,1.63320813476163,0.050000000745058,0,26.14974746830584,0.1000000014901161,False,grid,corridor,"[61, 60, 63, 66, 67, 75, 92, 90, 80, 79]",1.0,15284.0,15527.0,737.0,18877.0,252546,0.0747467788046534,22.57670273047593,112.413088,,209.5867,209.5867,220.0,104.96849275264128,170942464,144857088,7763.683896,776.3683896
q00_full_grid_measured_2_1787293372630436036,q00,full_grid,2,,22.57670273047593,1.0,22.57670273047593,1.63320813476163,0.050000000745058,0,,,False,grid,full_grid,[],,27503.0,28094.0,926.0,252546.0,252546,1.0,22.57670273047593,186.802698,,239.535525,239.535525,240.0,100.19390651971143,171196416,145111040,7763.683896,776.3683896
q00_topology_guided_grid_measured_2_1787293372830937284,q00,topology_guided_grid,2,26.14974746830584,22.57670273047593,1.0,22.57670273047593,1.63320813476163,0.050000000745058,0,26.14974746830584,0.1000000014901161,False,grid,corridor,"[61, 60, 63, 66, 67, 75, 92, 90, 80, 79]",1.0,15284.0,15527.0,737.0,18877.0,252546,0.0747467788046534,22.57670273047593,106.501809,,192.965531,192.965531,210.0,108.8277263362647,171196416,145111040,7763.683896,776.3683896
q00_topology_guided_grid_fallback_measured_2_1787293373031053003,q00,topology_guided_grid_fallback,2,26.14974746830584,22.57670273047593,1.0,22.57670273047593,1.63320813476163,0.050000000745058,0,26.14974746830584,0.1000000014901161,False,grid,corridor,"[61, 60, 63, 66, 67, 75, 92, 90, 80, 79]",1.0,15284.0,15527.0,737.0,18877.0,252546,0.0747467788046534,22.57670273047593,106.838998,,193.427528,193.427528,200.0,103.39789897950824,171196416,145111040,7763.683896,776.3683896
q00_full_grid_measured_3_1787293373280780511,q00,full_grid,3,,22.57670273047593,1.0,22.57670273047593,1.63320813476163,0.050000000745058,0,,,False,grid,full_grid,[],,27503.0,28094.0,926.0,252546.0,252546,1.0,22.57670273047593,190.864659,,242.816087,242.816087,250.0,102.95858198225557,171245568,145160192,7763.683896,776.3683896
q00_topology_guided_grid_measured_3_1787293373478977006,q00,topology_guided_grid,3,26.14974746830584,22.57670273047593,1.0,22.57670273047593,1.63320813476163,0.050000000745058,0,26.14974746830584,0.1000000014901161,False,grid,corridor,"[61, 60, 63, 66, 67, 75, 92, 90, 80, 79]",1.0,15284.0,15527.0,737.0,18877.0,252546,0.0747467788046534,22.57670273047593,105.751082,,191.479593,191.479593,210.0,109.67226152397348,171245568,145160192,7763.683896,776.3683896
q00_topology_guided_grid_fallback_measured_3_1787293373676833965,q00,topology_guided_grid_fallback,3,26.14974746830584,22.57670273047593,1.0,22.57670273047593,1.63320813476163,0.050000000745058,0,26.14974746830584,0.1000000014901161,False,grid,corridor,"[61, 60, 63, 66, 67, 75, 92, 90, 80, 79]",1.0,15284.0,15527.0,737.0,18877.0,252546,0.0747467788046534,22.57670273047593,105.206346,,190.891975,190.891975,200.0,104.7712980076821,171245568,145160192,7763.683896,776.3683896
q00_full_grid_measured_4_1787293373919369835,q00,full_grid,4,,22.57670273047593,1.0,22.57670273047593,1.63320813476163,0.050000000745058,0,,,False,grid,full_grid,[],,27503.0,28094.0,926.0,252546.0,252546,1.0,22.57670273047593,183.317865,,234.443243,234.443243,240.0,102.3701928572964,171278336,145192960,7763.683896,776.3683896
q00_topology_guided_grid_measured_4_1787293374111996639,q00,topology_guided_grid,4,26.14974746830584,22.57670273047593,1.0,22.57670273047593,1.63320813476163,0.050000000745058,0,26.14974746830584,0.1000000014901161,False,grid,corridor,"[61, 60, 63, 66, 67, 75, 92, 90, 80, 79]",1.0,15284.0,15527.0,737.0,18877.0,252546,0.0747467788046534,22.57670273047593,102.662358,,188.086753,188.086753,210.0,111.65060624976604,171278336,145192960,7763.683896,776.3683896
q00_topology_guided_grid_fallback_measured_4_1787293374316545796,q00,topology_guided_grid_fallback,4,26.14974746830584,22.57670273047593,1.0,22.57670273047593,1.63320813476163,0.050000000745058,0,26.14974746830584,0.1000000014901161,False,grid,corridor,"[61, 60, 63, 66, 67, 75, 92, 90, 80, 79]",1.0,15284.0,15527.0,737.0,18877.0,252546,0.0747467788046534,22.57670273047593,109.572763,,197.862037,197.862037,210.0,106.13455879866436,171278336,145192960,7763.683896,776.3683896
q00_full_grid_measured_5_1787293374570894450,q00,full_grid,5,,22.57670273047593,1.0,22.57670273047593,1.63320813476163,0.050000000745058,0,,,False,grid,full_grid,[],,27503.0,28094.0,926.0,252546.0,252546,1.0,22.57670273047593,194.329529,,246.978724,246.978724,260.0,105.27222579706904,171778048,145692672,7763.683896,776.3683896
q00_topology_guided_grid_measured_5_1787293374774971288,q00,topology_guided_grid,5,26.14974746830584,22.57670273047593,1.0,22.57670273047593,1.63320813476163,0.050000000745058,0,26.14974746830584,0.1000000014901161,False,grid,corridor,"[61, 60, 63, 66, 67, 75, 92, 90, 80, 79]",1.0,15284.0,15527.0,737.0,18877.0,252546,0.0747467788046534,22.57670273047593,108.356682,,197.320125,197.320125,210.0,106.42604245258816,171778048,145692672,7763.683896,776.3683896
q00_topology_guided_grid_fallback_measured_5_1787293374989672328,q00,topology_guided_grid_fallback,5,26.14974746830584,22.57670273047593,1.0,22.57670273047593,1.63320813476163,0.050000000745058,0,26.14974746830584,0.1000000014901161,False,grid,corridor,"[61, 60, 63, 66, 67, 75, 92, 90, 80, 79]",1.0,15284.0,15527.0,737.0,18877.0,252546,0.0747467788046534,22.57670273047593,114.818479,,206.822428,206.822428,220.0,106.37144246271008,171778048,145692672,7763.683896,776.3683896
q01_full_grid_measured_1_1787293375480302732,q01,full_grid,1,,37.09629867976531,1.0,37.09629867976531,1.5187975035242398,0.050000000745058,0,,,False,grid,full_grid,[],,51428.0,52195.0,1543.0,252546.0,252546,1.0,37.09629867976531,385.535215,,483.157275,483.157275,480.0,99.3465326585427,180473856,154388480,7763.683896,776.3683896
q01_topology_guided_grid_measured_1_1787293375842944707,q01,topology_guided_grid,1,42.80771644662753,37.09629867976531,1.0031581934504232,37.21345596729069,1.5235941598523892,0.050000000745058,0,42.80771644662753,0.5,False,grid,corridor,"[116, 120, 123, 107, 105, 95, 90, 80, 72, 71, 70]",1.0,30090.0,30357.0,739.0,33781.0,252546,0.1337617701329658,37.21345596729069,225.16202,,352.640511,352.640511,370.0,104.92271547326564,180473856,154388480,7763.683896,776.3683896
q01_topology_guided_grid_fallback_measured_1_1787293376161593313,q01,topology_guided_grid_fallback,1,42.80771644662753,37.09629867976531,1.0031581934504232,37.21345596729069,1.5235941598523892,0.050000000745058,0,42.80771644662753,0.5,False,grid,corridor,"[116, 120, 123, 107, 105, 95, 90, 80, 72, 71, 70]",1.0,30090.0,30357.0,739.0,33781.0,252546,0.1337617701329658,37.21345596729069,198.800395,,311.248331,311.248331,320.0,102.81179628237108,180473856,154388480,7763.683896,776.3683896
q01_full_grid_measured_2_1787293376569204797,q01,full_grid,2,,37.09629867976531,1.0,37.09629867976531,1.5187975035242398,0.050000000745058,0,,,False,grid,full_grid,[],,51428.0,52195.0,1543.0,252546.0,252546,1.0,37.09629867976531,319.193157,,399.750507,399.750507,410.0,102.56397248296672,180719616,154634240,7763.683896,776.3683896
q01_topology_guided_grid_measured_2_1787293376883926045,q01,topology_guided_grid,2,42.80771644662753,37.09629867976531,1.0031581934504232,37.21345596729069,1.5235941598523892,0.050000000745058,0,42.80771644662753,0.5,False,grid,corridor,"[116, 120, 123, 107, 105, 95, 90, 80, 72, 71, 70]",1.0,30090.0,30357.0,739.0,33781.0,252546,0.1337617701329658,37.21345596729069,193.022916,,306.700887,306.700887,310.0,101.07567768462306,180719616,154634240,7763.683896,776.3683896
q01_topology_guided_grid_fallback_measured_2_1787293377214033141,q01,topology_guided_grid_fallback,2,42.80771644662753,37.09629867976531,1.0031581934504232,37.21345596729069,1.5235941598523892,0.050000000745058,0,42.80771644662753,0.5,False,grid,corridor,"[116, 120, 123, 107, 105, 95, 90, 80, 72, 71, 70]",1.0,30090.0,30357.0,739.0,33781.0,252546,0.1337617701329658,37.21345596729069,205.428812,,322.162237,322.162237,340.0,105.53688823560036,180723712,154638336,7763.683896,776.3683896
q01_full_grid_measured_3_1787293377654995192,q01,full_grid,3,,37.09629867976531,1.0,37.09629867976531,1.5187975035242398,0.050000000745058,0,,,False,grid,full_grid,[],,51428.0,52195.0,1543.0,252546.0,252546,1.0,37.09629867976531,349.310995,,434.525825,434.525825,450.0,103.56116348205542,180723712,154638336,7763.683896,776.3683896
q01_topology_guided_grid_measured_3_1787293377990758177,q01,topology_guided_grid,3,42.80771644662753,37.09629867976531,1.0031581934504232,37.21345596729069,1.5235941598523892,0.050000000745058,0,42.80771644662753,0.5,False,grid,corridor,"[116, 120, 123, 107, 105, 95, 90, 80, 72, 71, 70]",1.0,30090.0,30357.0,739.0,33781.0,252546,0.1337617701329658,37.21345596729069,207.084398,,329.553922,329.553922,350.0,106.204167705217,180723712,154638336,7763.683896,776.3683896
q01_topology_guided_grid_fallback_measured_3_1787293378315560943,q01,topology_guided_grid_fallback,3,42.80771644662753,37.09629867976531,1.0031581934504232,37.21345596729069,1.5235941598523892,0.050000000745058,0,42.80771644662753,0.5,False,grid,corridor,"[116, 120, 123, 107, 105, 95, 90, 80, 72, 71, 70]",1.0,30090.0,30357.0,739.0,33781.0,252546,0.1337617701329658,37.21345596729069,201.27034,,318.059479,318.059479,320.0,100.6101126135593,180723712,154638336,7763.683896,776.3683896
q01_full_grid_measured_4_1787293378757170238,q01,full_grid,4,,37.09629867976531,1.0,37.09629867976531,1.5187975035242398,0.050000000745058,0,,,False,grid,full_grid,[],,51428.0,52195.0,1543.0,252546.0,252546,1.0,37.09629867976531,344.356984,,433.300136,433.300136,450.0,103.85411002963542,180723712,154638336,7763.683896,776.3683896
q01_topology_guided_grid_measured_4_1787293379091475602,q01,topology_guided_grid,4,42.80771644662753,37.09629867976531,1.0031581934504232,37.21345596729069,1.5235941598523892,0.050000000745058,0,42.80771644662753,0.5,False,grid,corridor,"[116, 120, 123, 107, 105, 95, 90, 80, 72, 71, 70]",1.0,30090.0,30357.0,739.0,33781.0,252546,0.1337617701329658,37.21345596729069,208.7493,,325.874623,325.874623,350.0,107.40326963109368,180723712,154638336,7763.683896,776.3683896
q01_topology_guided_grid_fallback_measured_4_1787293379422973728,q01,topology_guided_grid_fallback,4,42.80771644662753,37.09629867976531,1.0031581934504232,37.21345596729069,1.5235941598523892,0.050000000745058,0,42.80771644662753,0.5,False,grid,corridor,"[116, 120, 123, 107, 105, 95, 90, 80, 72, 71, 70]",1.0,30090.0,30357.0,739.0,33781.0,252546,0.1337617701329658,37.21345596729069,205.592878,,323.656013,323.656013,350.0,108.13950179878168,180723712,154638336,7763.683896,776.3683896
q01_full_grid_measured_5_1787293379855325957,q01,full_grid,5,,37.09629867976531,1.0,37.09629867976531,1.5187975035242398,0.050000000745058,0,,,False,grid,full_grid,[],,51428.0,52195.0,1543.0,252546.0,252546,1.0,37.09629867976531,342.096112,,424.594203,424.594203,430.0,101.27316787695288,180723712,154638336,7763.683896,776.3683896
q01_topology_guided_grid_measured_5_1787293380186089006,q01,topology_guided_grid,5,42.80771644662753,37.09629867976531,1.0031581934504232,37.21345596729069,1.5235941598523892,0.050000000745058,0,42.80771644662753,0.5,False,grid,corridor,"[116, 120, 123, 107, 105, 95, 90, 80, 72, 71, 70]",1.0,30090.0,30357.0,739.0,33781.0,252546,0.1337617701329658,37.21345596729069,207.083539,,324.337282,324.337282,330.0,101.74593496161812,180723712,154638336,7763.683896,776.3683896
q01_topology_guided_grid_fallback_measured_5_1787293380514923671,q01,topology_guided_grid_fallback,5,42.80771644662753,37.09629867976531,1.0031581934504232,37.21345596729069,1.5235941598523892,0.050000000745058,0,42.80771644662753,0.5,False,grid,corridor,"[116, 120, 123, 107, 105, 95, 90, 80, 72, 71, 70]",1.0,30090.0,30357.0,739.0,33781.0,252546,0.1337617701329658,37.21345596729069,205.613246,,322.302171,322.302171,340.0,105.4910672630871,180723712,154638336,7763.683896,776.3683896
q02_full_grid_measured_1_1787293380986558912,q02,full_grid,1,,30.397413408594595,1.0,30.397413408594595,1.9763178584654613,0.050000000745058,0,,,False,grid,full_grid,[],,65617.0,66264.0,1009.0,252546.0,252546,1.0,30.397413408594595,399.925205,,463.338073,463.338073,470.0,101.43781126313786,182210560,156125184,7763.683896,776.3683896
q02_topology_guided_grid_measured_1_1787293381233197117,q02,topology_guided_grid,1,33.01126983722081,30.397413408594595,1.014453197787413,30.83675323681477,2.004881971364659,0.050000000745058,0,33.01126983722081,0.3000000119209289,False,grid,corridor,"[91, 84, 86, 94, 96, 107, 123, 120, 116]",1.0,20852.0,21100.0,689.0,26384.0,252546,0.1044720565758317,30.83675323681477,144.371383,,241.205366,241.205366,250.0,103.64611871860264,182210560,156125184,7763.683896,776.3683896
q02_topology_guided_grid_fallback_measured_1_1787293381471294297,q02,topology_guided_grid_fallback,1,33.01126983722081,30.397413408594595,1.014453197787413,30.83675323681477,2.004881971364659,0.050000000745058,0,33.01126983722081,0.3000000119209289,False,grid,corridor,"[91, 84, 86, 94, 96, 107, 123, 120, 116]",1.0,20852.0,21100.0,689.0,26384.0,252546,0.1044720565758317,30.83675323681477,138.080149,,232.803589,232.803589,260.0,111.68212703112582,182210560,156125184,7763.683896,776.3683896
q02_full_grid_measured_2_1787293381986052711,q02,full_grid,2,,30.397413408594595,1.0,30.397413408594595,1.9763178584654613,0.050000000745058,0,,,False,grid,full_grid,[],,65617.0,66264.0,1009.0,252546.0,252546,1.0,30.397413408594595,436.625546,,507.518853,507.518853,520.0,102.45924795231204,182214656,156129280,7763.683896,776.3683896
q02_topology_guided_grid_measured_2_1787293382264476532,q02,topology_guided_grid,2,33.01126983722081,30.397413408594595,1.014453197787413,30.83675323681477,2.004881971364659,0.050000000745058,0,33.01126983722081,0.3000000119209289,False,grid,corridor,"[91, 84, 86, 94, 96, 107, 123, 120, 116]",1.0,20852.0,21100.0,689.0,26384.0,252546,0.1044720565758317,30.83675323681477,164.955855,,270.67521,270.67521,290.0,107.13947538823372,182214656,156120064,7763.683896,776.3683896
q02_topology_guided_grid_fallback_measured_2_1787293382525544899,q02,topology_guided_grid_fallback,2,33.01126983722081,30.397413408594595,1.014453197787413,30.83675323681477,2.004881971364659,0.050000000745058,0,33.01126983722081,0.3000000119209289,False,grid,corridor,"[91, 84, 86, 94, 96, 107, 123, 120, 116]",1.0,20852.0,21100.0,689.0,26384.0,252546,0.1044720565758317,30.83675323681477,148.834609,,252.993928,252.993928,260.0,102.76926488132946,182214656,156127232,7763.683896,776.3683896
q02_full_grid_measured_3_1787293383047483675,q02,full_grid,3,,30.397413408594595,1.0,30.397413408594595,1.9763178584654613,0.050000000745058,0,,,False,grid,full_grid,[],,65617.0,66264.0,1009.0,252546.0,252546,1.0,30.397413408594595,446.400599,,514.144473,514.144473,530.0,103.0838660790194,182214656,156127232,7763.683896,776.3683896
q02_topology_guided_grid_measured_3_1787293383308130391,q02,topology_guided_grid,3,33.01126983722081,30.397413408594595,1.014453197787413,30.83675323681477,2.004881971364659,0.050000000745058,0,33.01126983722081,0.3000000119209289,False,grid,corridor,"[91, 84, 86, 94, 96, 107, 123, 120, 116]",1.0,20852.0,21100.0,689.0,26384.0,252546,0.1044720565758317,30.83675323681477,149.622808,,252.901499,252.901499,270.0,106.76093303820235,182214656,155633664,7763.683896,776.3683896
q02_topology_guided_grid_fallback_measured_3_1787293383547175153,q02,topology_guided_grid_fallback,3,33.01126983722081,30.397413408594595,1.014453197787413,30.83675323681477,2.004881971364659,0.050000000745058,0,33.01126983722081,0.3000000119209289,False,grid,corridor,"[91, 84, 86, 94, 96, 107, 123, 120, 116]",1.0,20852.0,21100.0,689.0,26384.0,252546,0.1044720565758317,30.83675323681477,136.550408,,231.496231,231.496231,250.0,107.99311890308918,182214656,155611136,7763.683896,776.3683896
q02_full_grid_measured_4_1787293384028810759,q02,full_grid,4,,30.397413408594595,1.0,30.397413408594595,1.9763178584654613,0.050000000745058,0,,,False,grid,full_grid,[],,65617.0,66264.0,1009.0,252546.0,252546,1.0,30.397413408594595,408.627897,,474.643678,474.643678,490.0,103.23533688781166,182214656,155611136,7763.683896,776.3683896
q02_topology_guided_grid_measured_4_1787293384272636673,q02,topology_guided_grid,4,33.01126983722081,30.397413408594595,1.014453197787413,30.83675323681477,2.004881971364659,0.050000000745058,0,33.01126983722081,0.3000000119209289,False,grid,corridor,"[91, 84, 86, 94, 96, 107, 123, 120, 116]",1.0,20852.0,21100.0,689.0,26384.0,252546,0.1044720565758317,30.83675323681477,138.580403,,236.439862,236.439862,260.0,109.96453719804656,182214656,155611136,7763.683896,776.3683896
q02_topology_guided_grid_fallback_measured_4_1787293384516613057,q02,topology_guided_grid_fallback,4,33.01126983722081,30.397413408594595,1.014453197787413,30.83675323681477,2.004881971364659,0.050000000745058,0,33.01126983722081,0.3000000119209289,False,grid,corridor,"[91, 84, 86, 94, 96, 107, 123, 120, 116]",1.0,20852.0,21100.0,689.0,26384.0,252546,0.1044720565758317,30.83675323681477,138.389967,,236.455449,236.455449,250.0,105.7281619253359,182214656,155611136,7763.683896,776.3683896
q02_full_grid_measured_5_1787293385017239911,q02,full_grid,5,,30.397413408594595,1.0,30.397413408594595,1.9763178584654613,0.050000000745058,0,,,False,grid,full_grid,[],,65617.0,66264.0,1009.0,252546.0,252546,1.0,30.397413408594595,427.747192,,492.676434,492.676434,500.0,101.48648595601388,182214656,155611136,7763.683896,776.3683896
q02_topology_guided_grid_measured_5_1787293385254383289,q02,topology_guided_grid,5,33.01126983722081,30.397413408594595,1.014453197787413,30.83675323681477,2.004881971364659,0.050000000745058,0,33.01126983722081,0.3000000119209289,False,grid,corridor,"[91, 84, 86, 94, 96, 107, 123, 120, 116]",1.0,20852.0,21100.0,689.0,26384.0,252546,0.1044720565758317,30.83675323681477,135.495563,,230.248879,230.248879,250.0,108.57816163352528,182214656,155611136,7763.683896,776.3683896
q02_topology_guided_grid_fallback_measured_5_1787293385486986984,q02,topology_guided_grid_fallback,5,33.01126983722081,30.397413408594595,1.014453197787413,30.83675323681477,2.004881971364659,0.050000000745058,0,33.01126983722081,0.3000000119209289,False,grid,corridor,"[91, 84, 86, 94, 96, 107, 123, 120, 116]",1.0,20852.0,21100.0,689.0,26384.0,252546,0.1044720565758317,30.83675323681477,133.008433,,227.097593,227.097593,230.0,101.2780439288936,182214656,155611136,7763.683896,776.3683896
q03_full_grid_measured_1_1787293386103385239,q03,full_grid,1,,52.200714267493744,1.0,52.200714267493744,1.489080489673066,0.050000000745058,0,,,False,grid,full_grid,[],,83098.0,84429.0,2593.0,252546.0,252546,1.0,52.200714267493744,508.871712,,610.808967,610.808967,630.0,103.14190426742702,184967168,158363648,7763.683896,776.3683896
q03_topology_guided_grid_measured_1_1787293386153560916,q03,topology_guided_grid,1,38.80477272147525,52.200714267493744,,,,,0,38.80477272147525,0.3000000119209289,False,grid,corridor,"[142, 137, 129, 126, 107, 96, 87, 83, 82, 74, 69, 58, 55]",1.0,790.0,790.0,81.0,28187.0,252546,0.111611350011483,,4.985864,NO_PATH,41.471774,41.471774,40.0,96.45114289058384,184967168,158363648,7763.683896,776.3683896
q03_topology_guided_grid_fallback_measured_1_1787293387603655469,q03,topology_guided_grid_fallback,1,38.80477272147525,52.200714267493744,1.0,52.200714267493744,1.489080489673066,0.050000000745058,0,38.80477272147525,0.3000000119209289,False,grid,full_grid_fallback,"[142, 137, 129, 126, 107, 96, 87, 83, 82, 74, 69, 58, 55]",1.0,92512.0,93843.0,2593.0,252546.0,252546,1.0,52.200714267493744,643.672732,,1446.269782,1446.269782,1580.0,109.24656102646829,191008768,164405248,7763.683896,776.3683896
q03_full_grid_measured_2_1787293388265707737,q03,full_grid,2,,52.200714267493744,1.0,52.200714267493744,1.489080489673066,0.050000000745058,0,,,False,grid,full_grid,[],,83098.0,84429.0,2593.0,252546.0,252546,1.0,52.200714267493744,542.490485,,652.873817,652.873817,670.0,102.6231995454644,191066112,164458496,7763.683896,776.3683896
q03_topology_guided_grid_measured_2_1787293388319527334,q03,topology_guided_grid,2,38.80477272147525,52.200714267493744,,,,,0,38.80477272147525,0.3000000119209289,False,grid,corridor,"[142, 137, 129, 126, 107, 96, 87, 83, 82, 74, 69, 58, 55]",1.0,790.0,790.0,81.0,28187.0,252546,0.111611350011483,,5.426456,NO_PATH,44.601985,44.601985,50.0,112.1026339971192,191066112,164413440,7763.683896,776.3683896
q03_topology_guided_grid_fallback_measured_2_1787293390014546771,q03,topology_guided_grid_fallback,2,38.80477272147525,52.200714267493744,1.0,52.200714267493744,1.489080489673066,0.050000000745058,0,38.80477272147525,0.3000000119209289,False,grid,full_grid_fallback,"[142, 137, 129, 126, 107, 96, 87, 83, 82, 74, 69, 58, 55]",1.0,92512.0,93843.0,2593.0,252546.0,252546,1.0,52.200714267493744,839.124652,,1689.939117,1689.939117,1870.0,110.65487396490629,191066112,164460544,7763.683896,776.3683896
q03_full_grid_measured_3_1787293390835114018,q03,full_grid,3,,52.200714267493744,1.0,52.200714267493744,1.489080489673066,0.050000000745058,0,,,False,grid,full_grid,[],,83098.0,84429.0,2593.0,252546.0,252546,1.0,52.200714267493744,687.266917,,805.937804,805.937804,840.0,104.22640504402992,191070208,162845696,7763.683896,776.3683896
q03_topology_guided_grid_measured_3_1787293390886302791,q03,topology_guided_grid,3,38.80477272147525,52.200714267493744,,,,,0,38.80477272147525,0.3000000119209289,False,grid,corridor,"[142, 137, 129, 126, 107, 96, 87, 83, 82, 74, 69, 58, 55]",1.0,790.0,790.0,81.0,28187.0,252546,0.111611350011483,,5.110426,NO_PATH,42.327605,42.327605,40.0,94.50097637227526,191070208,162837504,7763.683896,776.3683896
q03_topology_guided_grid_fallback_measured_3_1787293392376508743,q03,topology_guided_grid_fallback,3,38.80477272147525,52.200714267493744,1.0,52.200714267493744,1.489080489673066,0.050000000745058,0,38.80477272147525,0.3000000119209289,False,grid,full_grid_fallback,"[142, 137, 129, 126, 107, 96, 87, 83, 82, 74, 69, 58, 55]",1.0,92512.0,93843.0,2593.0,252546.0,252546,1.0,52.200714267493744,639.7569219999999,,1486.809595,1486.809595,1640.0,110.30329677150084,191070208,164466688,7763.683896,776.3683896
q03_full_grid_measured_4_1787293393059740288,q03,full_grid,4,,52.200714267493744,1.0,52.200714267493744,1.489080489673066,0.050000000745058,0,,,False,grid,full_grid,[],,83098.0,84429.0,2593.0,252546.0,252546,1.0,52.200714267493744,560.53418,,674.447731,674.447731,690.0,102.30592650626026,191070208,164466688,7763.683896,776.3683896
q03_topology_guided_grid_measured_4_1787293393112191362,q03,topology_guided_grid,4,38.80477272147525,52.200714267493744,,,,,0,38.80477272147525,0.3000000119209289,False,grid,corridor,"[142, 137, 129, 126, 107, 96, 87, 83, 82, 74, 69, 58, 55]",1.0,790.0,790.0,81.0,28187.0,252546,0.111611350011483,,5.493944,NO_PATH,43.182265,43.182265,50.0,115.78827558026424,191070208,164466688,7763.683896,776.3683896
q03_topology_guided_grid_fallback_measured_4_1787293394517097173,q03,topology_guided_grid_fallback,4,38.80477272147525,52.200714267493744,1.0,52.200714267493744,1.489080489673066,0.050000000745058,0,38.80477272147525,0.3000000119209289,False,grid,full_grid_fallback,"[142, 137, 129, 126, 107, 96, 87, 83, 82, 74, 69, 58, 55]",1.0,92512.0,93843.0,2593.0,252546.0,252546,1.0,52.200714267493744,629.9112329999999,,1401.130855,1401.130855,1530.0,109.19750960733784,191070208,164466688,7763.683896,776.3683896
q03_full_grid_measured_5_1787293395227290094,q03,full_grid,5,,52.200714267493744,1.0,52.200714267493744,1.489080489673066,0.050000000745058,0,,,False,grid,full_grid,[],,83098.0,84429.0,2593.0,252546.0,252546,1.0,52.200714267493744,586.643215,,698.844716,698.844716,730.0,104.45811255157292,191070208,164466688,7763.683896,776.3683896
q03_topology_guided_grid_measured_5_1787293395279023792,q03,topology_guided_grid,5,38.80477272147525,52.200714267493744,,,,,0,38.80477272147525,0.3000000119209289,False,grid,corridor,"[142, 137, 129, 126, 107, 96, 87, 83, 82, 74, 69, 58, 55]",1.0,790.0,790.0,81.0,28187.0,252546,0.111611350011483,,5.441291,NO_PATH,42.567827,42.567827,60.0,140.95152190878807,191070208,164466688,7763.683896,776.3683896
q03_topology_guided_grid_fallback_measured_5_1787293396650429334,q03,topology_guided_grid_fallback,5,38.80477272147525,52.200714267493744,1.0,52.200714267493744,1.489080489673066,0.050000000745058,0,38.80477272147525,0.3000000119209289,False,grid,full_grid_fallback,"[142, 137, 129, 126, 107, 96, 87, 83, 82, 74, 69, 58, 55]",1.0,92512.0,93843.0,2593.0,252546.0,252546,1.0,52.200714267493744,606.281905,,1366.771408,1366.771408,1480.0,108.2843840116386,191070208,164466688,7763.683896,776.3683896
q04_full_grid_measured_1_1787293398167259410,q04,full_grid,1,,,,,,,0,,,False,grid,full_grid,[],,219970.0,219970.0,997.0,252546.0,252546,1.0,,1485.282614,NO_PATH,1500.452907,1500.452907,1540.0,102.63567705560786,229134336,203073536,7763.683896,776.3683896
q04_topology_guided_grid_measured_1_1787293398172852480,q04,topology_guided_grid,1,,,,,,,0,,,False,grid,,[],,,,,,252546,,,,TOPOLOGY_COMPONENT_MISMATCH,2.119995,2.119995,0.0,0.0,201490432,174750720,7763.683896,776.3683896
q04_topology_guided_grid_fallback_measured_1_1787293399749260286,q04,topology_guided_grid_fallback,1,,,,,,,0,,,False,grid,full_grid_fallback,[],,219970.0,219970.0,997.0,252546.0,252546,1.0,,1560.873308,NO_PATH,1574.20815,1574.20815,1630.0,103.54412153183176,228966400,203456512,7763.683896,776.3683896
q04_full_grid_measured_2_1787293401193457881,q04,full_grid,2,,,,,,,0,,,False,grid,full_grid,[],,219970.0,219970.0,997.0,252546.0,252546,1.0,,1423.857402,NO_PATH,1439.927512,1439.927512,1480.0,102.78295175736596,228659200,203205632,7763.683896,776.3683896
q04_topology_guided_grid_measured_2_1787293401197830645,q04,topology_guided_grid,2,,,,,,,0,,,False,grid,,[],,,,,,252546,,,,TOPOLOGY_COMPONENT_MISMATCH,2.138645,2.138645,20.0,935.171568913962,193044480,166389760,7763.683896,776.3683896
q04_topology_guided_grid_fallback_measured_2_1787293402653435945,q04,topology_guided_grid_fallback,2,,,,,,,0,,,False,grid,full_grid_fallback,[],,219970.0,219970.0,997.0,252546.0,252546,1.0,,1438.079038,NO_PATH,1451.732991,1451.732991,1480.0,101.94712176242057,229040128,203233280,7763.683896,776.3683896
q04_full_grid_measured_3_1787293404106776820,q04,full_grid,3,,,,,,,0,,,False,grid,full_grid,[],,219970.0,219970.0,997.0,252546.0,252546,1.0,,1435.922725,NO_PATH,1449.174047,1449.174047,1490.0,102.81718769974631,229859328,201433088,7763.683896,776.3683896
q04_topology_guided_grid_measured_3_1787293404111814870,q04,topology_guided_grid,3,,,,,,,0,,,False,grid,,[],,,,,,252546,,,,TOPOLOGY_COMPONENT_MISMATCH,2.235631,2.235631,0.0,0.0,204312576,177709056,7763.683896,776.3683896
q04_topology_guided_grid_fallback_measured_3_1787293405492793207,q04,topology_guided_grid_fallback,3,,,,,,,0,,,False,grid,full_grid_fallback,[],,219970.0,219970.0,997.0,252546.0,252546,1.0,,1364.169018,NO_PATH,1377.075813,1377.075813,1430.0,103.84322972637965,230727680,204124160,7763.683896,776.3683896
q04_full_grid_measured_4_1787293406924914312,q04,full_grid,4,,,,,,,0,,,False,grid,full_grid,[],,219970.0,219970.0,997.0,252546.0,252546,1.0,,1414.554985,NO_PATH,1428.136936,1428.136936,1460.0,102.2310930553511,230727680,204124160,7763.683896,776.3683896
q04_topology_guided_grid_measured_4_1787293406930478911,q04,topology_guided_grid,4,,,,,,,0,,,False,grid,,[],,,,,,252546,,,,TOPOLOGY_COMPONENT_MISMATCH,2.455087,2.455087,10.0,407.3175410891753,204644352,178040832,7763.683896,776.3683896
q04_topology_guided_grid_fallback_measured_4_1787293408356744456,q04,topology_guided_grid_fallback,4,,,,,,,0,,,False,grid,full_grid_fallback,[],,219970.0,219970.0,997.0,252546.0,252546,1.0,,1408.38581,NO_PATH,1422.303916,1422.303916,1460.0,102.65035366745064,230727680,204124160,7763.683896,776.3683896
q04_full_grid_measured_5_1787293409795425974,q04,full_grid,5,,,,,,,0,,,False,grid,full_grid,[],,219970.0,219970.0,997.0,252546.0,252546,1.0,,1421.603621,NO_PATH,1434.796407,1434.796407,1490.0,103.84748614721056,230727680,204124160,7763.683896,776.3683896
q04_topology_guided_grid_measured_5_1787293409801240692,q04,topology_guided_grid,5,,,,,,,0,,,False,grid,,[],,,,,,252546,,,,TOPOLOGY_COMPONENT_MISMATCH,2.29215,2.29215,0.0,0.0,204644352,178040832,7763.683896,776.3683896
q04_topology_guided_grid_fallback_measured_5_1787293411182624142,q04,topology_guided_grid_fallback,5,,,,,,,0,,,False,grid,full_grid_fallback,[],,219970.0,219970.0,997.0,252546.0,252546,1.0,,1361.157151,NO_PATH,1376.644534,1376.644534,1420.0,103.14935808984951,230727680,204124160,7763.683896,776.3683896
q05_full_grid_measured_1_1787293411298665067,q05,full_grid,1,,16.149137802864853,1.0,16.149137802864853,1.1227410213036526,0.050000000745058,0,,,False,grid,full_grid,[],,13321.0,13593.0,681.0,252546.0,252546,1.0,16.149137802864853,83.635985,,114.062269,114.062269,130.0,113.97283355813306,204644352,178040832,7763.683896,776.3683896
q05_topology_guided_grid_measured_1_1787293411431562470,q05,topology_guided_grid,1,14.597056274847713,16.149137802864853,1.0,16.149137802864853,1.1227410213036526,0.050000000745058,0,14.597056274847713,0.2196899950504303,False,grid,corridor,"[140, 136, 137, 138, 139, 144, 145]",1.0,9838.0,9932.0,478.0,11111.0,252546,0.0439959452931347,16.149137802864853,59.528928,,128.650877,128.650877,130.0,101.04866988197834,207073280,180469760,7763.683896,776.3683896
q05_topology_guided_grid_fallback_measured_1_1787293411558793953,q05,topology_guided_grid_fallback,1,14.597056274847713,16.149137802864853,1.0,16.149137802864853,1.1227410213036526,0.050000000745058,0,14.597056274847713,0.2196899950504303,False,grid,corridor,"[140, 136, 137, 138, 139, 144, 145]",1.0,9838.0,9932.0,478.0,11111.0,252546,0.0439959452931347,16.149137802864853,60.357255,,124.08661,124.08661,130.0,104.76553433122236,207073280,180469760,7763.683896,776.3683896
q05_full_grid_measured_2_1787293411679420142,q05,full_grid,2,,16.149137802864853,1.0,16.149137802864853,1.1227410213036526,0.050000000745058,0,,,False,grid,full_grid,[],,13321.0,13593.0,681.0,252546.0,252546,1.0,16.149137802864853,83.788376,,114.193204,114.193204,120.0,105.08506268026248,207073280,180469760,7763.683896,776.3683896
q05_topology_guided_grid_measured_2_1787293411811119397,q05,topology_guided_grid,2,14.597056274847713,16.149137802864853,1.0,16.149137802864853,1.1227410213036526,0.050000000745058,0,14.597056274847713,0.2196899950504303,False,grid,corridor,"[140, 136, 137, 138, 139, 144, 145]",1.0,9838.0,9932.0,478.0,11111.0,252546,0.0439959452931347,16.149137802864853,59.862213,,124.765354,124.765354,130.0,104.19559263223026,207073280,180469760,7763.683896,776.3683896
q05_topology_guided_grid_fallback_measured_2_1787293411941061691,q05,topology_guided_grid_fallback,2,14.597056274847713,16.149137802864853,1.0,16.149137802864853,1.1227410213036526,0.050000000745058,0,14.597056274847713,0.2196899950504303,False,grid,corridor,"[140, 136, 137, 138, 139, 144, 145]",1.0,9838.0,9932.0,478.0,11111.0,252546,0.0439959452931347,16.149137802864853,60.258736,,124.154357,124.154357,140.0,112.76285696522112,207073280,180469760,7763.683896,776.3683896
q05_full_grid_measured_3_1787293412059247647,q05,full_grid,3,,16.149137802864853,1.0,16.149137802864853,1.1227410213036526,0.050000000745058,0,,,False,grid,full_grid,[],,13321.0,13593.0,681.0,252546.0,252546,1.0,16.149137802864853,84.250564,,114.314573,114.314573,110.0,96.22570168722058,207073280,180469760,7763.683896,776.3683896
q05_topology_guided_grid_measured_3_1787293412183886615,q05,topology_guided_grid,3,14.597056274847713,16.149137802864853,1.0,16.149137802864853,1.1227410213036526,0.050000000745058,0,14.597056274847713,0.2196899950504303,False,grid,corridor,"[140, 136, 137, 138, 139, 144, 145]",1.0,9838.0,9932.0,478.0,11111.0,252546,0.0439959452931347,16.149137802864853,59.27792,,121.08269,121.08269,130.0,107.36464477292336,207073280,180469760,7763.683896,776.3683896
q05_topology_guided_grid_fallback_measured_3_1787293412312039897,q05,topology_guided_grid_fallback,3,14.597056274847713,16.149137802864853,1.0,16.149137802864853,1.1227410213036526,0.050000000745058,0,14.597056274847713,0.2196899950504303,False,grid,corridor,"[140, 136, 137, 138, 139, 144, 145]",1.0,9838.0,9932.0,478.0,11111.0,252546,0.0439959452931347,16.149137802864853,60.877599,,122.543605,122.543605,130.0,106.08468716094976,207073280,180469760,7763.683896,776.3683896
q05_full_grid_measured_4_1787293412426956450,q05,full_grid,4,,16.149137802864853,1.0,16.149137802864853,1.1227410213036526,0.050000000745058,0,,,False,grid,full_grid,[],,13321.0,13593.0,681.0,252546.0,252546,1.0,16.149137802864853,79.996829,,109.390937,109.390937,110.0,100.55677647225932,207073280,180469760,7763.683896,776.3683896
q05_topology_guided_grid_measured_4_1787293412553476821,q05,topology_guided_grid,4,14.597056274847713,16.149137802864853,1.0,16.149137802864853,1.1227410213036526,0.050000000745058,0,14.597056274847713,0.2196899950504303,False,grid,corridor,"[140, 136, 137, 138, 139, 144, 145]",1.0,9838.0,9932.0,478.0,11111.0,252546,0.0439959452931347,16.149137802864853,59.139641,,121.615693,121.615693,130.0,106.8940995961763,207073280,180469760,7763.683896,776.3683896
q05_topology_guided_grid_fallback_measured_4_1787293412678960692,q05,topology_guided_grid_fallback,4,14.597056274847713,16.149137802864853,1.0,16.149137802864853,1.1227410213036526,0.050000000745058,0,14.597056274847713,0.2196899950504303,False,grid,corridor,"[140, 136, 137, 138, 139, 144, 145]",1.0,9838.0,9932.0,478.0,11111.0,252546,0.0439959452931347,16.149137802864853,59.500315,,121.430113,121.430113,130.0,107.05746440341366,207073280,180469760,7763.683896,776.3683896
q05_full_grid_measured_5_1787293412803015237,q05,full_grid,5,,16.149137802864853,1.0,16.149137802864853,1.1227410213036526,0.050000000745058,0,,,False,grid,full_grid,[],,13321.0,13593.0,681.0,252546.0,252546,1.0,16.149137802864853,85.472894,,117.558436,117.558436,130.0,110.5833017376992,207073280,180469760,7763.683896,776.3683896
q05_topology_guided_grid_measured_5_1787293412937485235,q05,topology_guided_grid,5,14.597056274847713,16.149137802864853,1.0,16.149137802864853,1.1227410213036526,0.050000000745058,0,14.597056274847713,0.2196899950504303,False,grid,corridor,"[140, 136, 137, 138, 139, 144, 145]",1.0,9838.0,9932.0,478.0,11111.0,252546,0.0439959452931347,16.149137802864853,62.357492,,125.970574,125.970574,150.0,119.07542788524566,207073280,180469760,7763.683896,776.3683896
q05_topology_guided_grid_fallback_measured_5_1787293413073958153,q05,topology_guided_grid_fallback,5,14.597056274847713,16.149137802864853,1.0,16.149137802864853,1.1227410213036526,0.050000000745058,0,14.597056274847713,0.2196899950504303,False,grid,corridor,"[140, 136, 137, 138, 139, 144, 145]",1.0,9838.0,9932.0,478.0,11111.0,252546,0.0439959452931347,16.149137802864853,62.928066,,131.967811,131.967811,140.0,106.08647589070031,207073280,180469760,7763.683896,776.3683896
q06_full_grid_measured_1_1787293413293788639,q06,full_grid,1,,26.50979797464466,1.0,26.50979797464466,1.0880399451319822,0.050000000745058,0,,,False,grid,full_grid,[],,23551.0,24381.0,1144.0,252546.0,252546,1.0,26.50979797464466,155.913699,,213.614219,213.614219,230.0,107.67073515831828,207073280,180469760,7763.683896,776.3683896
q06_topology_guided_grid_measured_1_1787293413496149507,q06,topology_guided_grid,1,26.30710678118655,26.50979797464466,1.0033145467848557,26.59766594028869,1.091646304433914,0.050000000745058,0,26.30710678118655,1.899999976158142,False,grid,corridor,"[150, 132, 128, 125, 106, 95]",1.0,16099.0,16723.0,851.0,22853.0,252546,0.0904904453050137,26.59766594028869,105.09434,,194.801936,194.801936,210.0,107.801803366061,207073280,180469760,7763.683896,776.3683896
q06_topology_guided_grid_fallback_measured_1_1787293413711654798,q06,topology_guided_grid_fallback,1,26.30710678118655,26.50979797464466,1.0033145467848557,26.59766594028869,1.091646304433914,0.050000000745058,0,26.30710678118655,1.899999976158142,False,grid,corridor,"[150, 132, 128, 125, 106, 95]",1.0,16099.0,16723.0,851.0,22853.0,252546,0.0904904453050137,26.59766594028869,108.425286,,206.694469,206.694469,230.0,111.275352994569,207073280,180469760,7763.683896,776.3683896
q06_full_grid_measured_2_1787293413942707181,q06,full_grid,2,,26.50979797464466,1.0,26.50979797464466,1.0880399451319822,0.050000000745058,0,,,False,grid,full_grid,[],,23551.0,24381.0,1144.0,252546.0,252546,1.0,26.50979797464466,161.176015,,225.557297,225.557297,230.0,101.96965607368492,207073280,180461568,7763.683896,776.3683896
q06_topology_guided_grid_measured_2_1787293414153254645,q06,topology_guided_grid,2,26.30710678118655,26.50979797464466,1.0033145467848557,26.59766594028869,1.091646304433914,0.050000000745058,0,26.30710678118655,1.899999976158142,False,grid,corridor,"[150, 132, 128, 125, 106, 95]",1.0,16099.0,16723.0,851.0,22853.0,252546,0.0904904453050137,26.59766594028869,108.360985,,202.027282,202.027282,220.0,108.89618363523792,207073280,180463616,7763.683896,776.3683896
q06_topology_guided_grid_fallback_measured_2_1787293414363497226,q06,topology_guided_grid_fallback,2,26.30710678118655,26.50979797464466,1.0033145467848557,26.59766594028869,1.091646304433914,0.050000000745058,0,26.30710678118655,1.899999976158142,False,grid,corridor,"[150, 132, 128, 125, 106, 95]",1.0,16099.0,16723.0,851.0,22853.0,252546,0.0904904453050137,26.59766594028869,110.798003,,204.433553,204.433553,220.0,107.61442863540115,207073280,180463616,7763.683896,776.3683896
q06_full_grid_measured_3_1787293414653614181,q06,full_grid,3,,26.50979797464466,1.0,26.50979797464466,1.0880399451319822,0.050000000745058,0,,,False,grid,full_grid,[],,23551.0,24381.0,1144.0,252546.0,252546,1.0,26.50979797464466,164.062879,,279.271526,279.271526,300.0,107.42233706990952,207073280,180292608,7763.683896,776.3683896
q06_topology_guided_grid_measured_3_1787293414897971826,q06,topology_guided_grid,3,26.30710678118655,26.50979797464466,1.0033145467848557,26.59766594028869,1.091646304433914,0.050000000745058,0,26.30710678118655,1.899999976158142,False,grid,corridor,"[150, 132, 128, 125, 106, 95]",1.0,16099.0,16723.0,851.0,22853.0,252546,0.0904904453050137,26.59766594028869,122.656436,,233.278538,233.278538,260.0,111.45474514247854,207073280,179095552,7763.683896,776.3683896
q06_topology_guided_grid_fallback_measured_3_1787293415110728180,q06,topology_guided_grid_fallback,3,26.30710678118655,26.50979797464466,1.0033145467848557,26.59766594028869,1.091646304433914,0.050000000745058,0,26.30710678118655,1.899999976158142,False,grid,corridor,"[150, 132, 128, 125, 106, 95]",1.0,16099.0,16723.0,851.0,22853.0,252546,0.0904904453050137,26.59766594028869,110.156831,,204.117036,204.117036,220.0,107.78130248765711,207073280,178917376,7763.683896,776.3683896
q06_full_grid_measured_4_1787293415342765071,q06,full_grid,4,,26.50979797464466,1.0,26.50979797464466,1.0880399451319822,0.050000000745058,0,,,False,grid,full_grid,[],,23551.0,24381.0,1144.0,252546.0,252546,1.0,26.50979797464466,167.292364,,226.216865,226.216865,240.0,106.0928856917896,207073280,178917376,7763.683896,776.3683896
q06_topology_guided_grid_measured_4_1787293415556106319,q06,topology_guided_grid,4,26.30710678118655,26.50979797464466,1.0033145467848557,26.59766594028869,1.091646304433914,0.050000000745058,0,26.30710678118655,1.899999976158142,False,grid,corridor,"[150, 132, 128, 125, 106, 95]",1.0,16099.0,16723.0,851.0,22853.0,252546,0.0904904453050137,26.59766594028869,113.184274,,208.662974,208.662974,230.0,110.22559277814186,207073280,178917376,7763.683896,776.3683896
q06_topology_guided_grid_fallback_measured_4_1787293415772672719,q06,topology_guided_grid_fallback,4,26.30710678118655,26.50979797464466,1.0033145467848557,26.59766594028869,1.091646304433914,0.050000000745058,0,26.30710678118655,1.899999976158142,False,grid,corridor,"[150, 132, 128, 125, 106, 95]",1.0,16099.0,16723.0,851.0,22853.0,252546,0.0904904453050137,26.59766594028869,111.252681,,207.187421,207.187421,230.0,111.0106003974054,207073280,178917376,7763.683896,776.3683896
q06_full_grid_measured_5_1787293415998945293,q06,full_grid,5,,26.50979797464466,1.0,26.50979797464466,1.0880399451319822,0.050000000745058,0,,,False,grid,full_grid,[],,23551.0,24381.0,1144.0,252546.0,252546,1.0,26.50979797464466,159.786115,,218.277196,218.277196,230.0,105.37060408270958,207073280,180465664,7763.683896,776.3683896
q06_topology_guided_grid_measured_5_1787293416209577142,q06,topology_guided_grid,5,26.30710678118655,26.50979797464466,1.0033145467848557,26.59766594028869,1.091646304433914,0.050000000745058,0,26.30710678118655,1.899999976158142,False,grid,corridor,"[150, 132, 128, 125, 106, 95]",1.0,16099.0,16723.0,851.0,22853.0,252546,0.0904904453050137,26.59766594028869,110.696227,,202.267297,202.267297,230.0,113.7109178850598,207073280,180465664,7763.683896,776.3683896
q06_topology_guided_grid_fallback_measured_5_1787293416411464687,q06,topology_guided_grid_fallback,5,26.30710678118655,26.50979797464466,1.0033145467848557,26.59766594028869,1.091646304433914,0.050000000745058,0,26.30710678118655,1.899999976158142,False,grid,corridor,"[150, 132, 128, 125, 106, 95]",1.0,16099.0,16723.0,851.0,22853.0,252546,0.0904904453050137,26.59766594028869,104.355983,,193.231651,193.231651,210.0,108.67784801983603,207073280,180465664,7763.683896,776.3683896
q07_full_grid_measured_1_1787293416833973167,q07,full_grid,1,,32.94005409571392,1.0,32.94005409571392,1.3349189164782684,0.050000000745058,0,,,False,grid,full_grid,[],,46036.0,46458.0,1085.0,252546.0,252546,1.0,32.94005409571392,340.595585,,416.917232,416.917232,420.0,100.73941966495644,209756160,183148544,7763.683896,776.3683896
q07_topology_guided_grid_measured_1_1787293417129609806,q07,topology_guided_grid,1,35.56274169979695,32.94005409571392,1.0044458521221973,33.08650070512064,1.3408537685760546,0.050000000745058,0,35.56274169979695,0.5,False,grid,corridor,"[69, 74, 82, 83, 87, 96, 105, 106, 122]",1.0,26062.0,26219.0,862.0,28894.0,252546,0.1144108400053851,33.08650070512064,181.214599,,287.488568,287.488568,310.0,107.8303746672807,209756160,183148544,7763.683896,776.3683896
q07_topology_guided_grid_fallback_measured_1_1787293417403736504,q07,topology_guided_grid_fallback,1,35.56274169979695,32.94005409571392,1.0044458521221973,33.08650070512064,1.3408537685760546,0.050000000745058,0,35.56274169979695,0.5,False,grid,corridor,"[69, 74, 82, 83, 87, 96, 105, 106, 122]",1.0,26062.0,26219.0,862.0,28894.0,252546,0.1144108400053851,33.08650070512064,163.189877,,263.477095,263.477095,280.0,106.27109730354358,209756160,183148544,7763.683896,776.3683896
q07_full_grid_measured_2_1787293417773659643,q07,full_grid,2,,32.94005409571392,1.0,32.94005409571392,1.3349189164782684,0.050000000745058,0,,,False,grid,full_grid,[],,46036.0,46458.0,1085.0,252546.0,252546,1.0,32.94005409571392,294.419855,,363.149894,363.149894,370.0,101.88630262962432,209756160,183148544,7763.683896,776.3683896
q07_topology_guided_grid_measured_2_1787293418051753874,q07,topology_guided_grid,2,35.56274169979695,32.94005409571392,1.0044458521221973,33.08650070512064,1.3408537685760546,0.050000000745058,0,35.56274169979695,0.5,False,grid,corridor,"[69, 74, 82, 83, 87, 96, 105, 106, 122]",1.0,26062.0,26219.0,862.0,28894.0,252546,0.1144108400053851,33.08650070512064,170.993169,,271.963255,271.963255,290.0,106.6320521866088,209756160,183148544,7763.683896,776.3683896
q07_topology_guided_grid_fallback_measured_2_1787293418335119996,q07,topology_guided_grid_fallback,2,35.56274169979695,32.94005409571392,1.0044458521221973,33.08650070512064,1.3408537685760546,0.050000000745058,0,35.56274169979695,0.5,False,grid,corridor,"[69, 74, 82, 83, 87, 96, 105, 106, 122]",1.0,26062.0,26219.0,862.0,28894.0,252546,0.1144108400053851,33.08650070512064,171.946383,,275.453602,275.453602,290.0,105.28088864853544,209756160,183148544,7763.683896,776.3683896
q07_full_grid_measured_3_1787293418719772176,q07,full_grid,3,,32.94005409571392,1.0,32.94005409571392,1.3349189164782684,0.050000000745058,0,,,False,grid,full_grid,[],,46036.0,46458.0,1085.0,252546.0,252546,1.0,32.94005409571392,307.000622,,378.248757,378.248757,400.0,105.75051275052836,209756160,183148544,7763.683896,776.3683896
q07_topology_guided_grid_measured_3_1787293419026437021,q07,topology_guided_grid,3,35.56274169979695,32.94005409571392,1.0044458521221973,33.08650070512064,1.3408537685760546,0.050000000745058,0,35.56274169979695,0.5,False,grid,corridor,"[69, 74, 82, 83, 87, 96, 105, 106, 122]",1.0,26062.0,26219.0,862.0,28894.0,252546,0.1144108400053851,33.08650070512064,190.578047,,297.482775,297.482775,310.0,104.20771421135224,209756160,183148544,7763.683896,776.3683896
q07_topology_guided_grid_fallback_measured_3_1787293419317060852,q07,topology_guided_grid_fallback,3,35.56274169979695,32.94005409571392,1.0044458521221973,33.08650070512064,1.3408537685760546,0.050000000745058,0,35.56274169979695,0.5,False,grid,corridor,"[69, 74, 82, 83, 87, 96, 105, 106, 122]",1.0,26062.0,26219.0,862.0,28894.0,252546,0.1144108400053851,33.08650070512064,176.776684,,281.978806,281.978806,290.0,102.84460882496252,209756160,183148544,7763.683896,776.3683896
q07_full_grid_measured_4_1787293419724463336,q07,full_grid,4,,32.94005409571392,1.0,32.94005409571392,1.3349189164782684,0.050000000745058,0,,,False,grid,full_grid,[],,46036.0,46458.0,1085.0,252546.0,252546,1.0,32.94005409571392,328.752707,,400.608363,400.608363,430.0,107.33675073078793,209756160,183161856,7763.683896,776.3683896
q07_topology_guided_grid_measured_4_1787293420009232682,q07,topology_guided_grid,4,35.56274169979695,32.94005409571392,1.0044458521221973,33.08650070512064,1.3408537685760546,0.050000000745058,0,35.56274169979695,0.5,False,grid,corridor,"[69, 74, 82, 83, 87, 96, 105, 106, 122]",1.0,26062.0,26219.0,862.0,28894.0,252546,0.1144108400053851,33.08650070512064,171.733168,,276.136846,276.136846,290.0,105.02039267878072,209756160,183161856,7763.683896,776.3683896
q07_topology_guided_grid_fallback_measured_4_1787293420297086523,q07,topology_guided_grid_fallback,4,35.56274169979695,32.94005409571392,1.0044458521221973,33.08650070512064,1.3408537685760546,0.050000000745058,0,35.56274169979695,0.5,False,grid,corridor,"[69, 74, 82, 83, 87, 96, 105, 106, 122]",1.0,26062.0,26219.0,862.0,28894.0,252546,0.1144108400053851,33.08650070512064,173.051532,,279.26326,279.26326,290.0,103.8446661404726,209756160,183161856,7763.683896,776.3683896
q07_full_grid_measured_5_1787293420704133984,q07,full_grid,5,,32.94005409571392,1.0,32.94005409571392,1.3349189164782684,0.050000000745058,0,,,False,grid,full_grid,[],,46036.0,46458.0,1085.0,252546.0,252546,1.0,32.94005409571392,326.132063,,400.276796,400.276796,420.0,104.92739129449814,209756160,183670784,7763.683896,776.3683896
q07_topology_guided_grid_measured_5_1787293421005205488,q07,topology_guided_grid,5,35.56274169979695,32.94005409571392,1.0044458521221973,33.08650070512064,1.3408537685760546,0.050000000745058,0,35.56274169979695,0.5,False,grid,corridor,"[69, 74, 82, 83, 87, 96, 105, 106, 122]",1.0,26062.0,26219.0,862.0,28894.0,252546,0.1144108400053851,33.08650070512064,182.825136,,292.716904,292.716904,310.0,105.90437236928412,209756160,183670784,7763.683896,776.3683896
q07_topology_guided_grid_fallback_measured_5_1787293421307787437,q07,topology_guided_grid_fallback,5,35.56274169979695,32.94005409571392,1.0044458521221973,33.08650070512064,1.3408537685760546,0.050000000745058,0,35.56274169979695,0.5,False,grid,corridor,"[69, 74, 82, 83, 87, 96, 105, 106, 122]",1.0,26062.0,26219.0,862.0,28894.0,252546,0.1144108400053851,33.08650070512064,183.942041,,293.959811,293.959811,320.0,108.85841806450205,209756160,183670784,7763.683896,776.3683896
q08_full_grid_measured_1_1787293421551599194,q08,full_grid,1,,23.00452018978113,1.0,23.00452018978113,1.2180572823255444,0.050000000745058,0,,,False,grid,full_grid,[],,25044.0,25674.0,1268.0,252546.0,252546,1.0,23.00452018978113,178.243498,,233.254048,233.254048,240.0,102.89210500646917,209756160,183670784,7763.683896,776.3683896
q08_topology_guided_grid_measured_1_1787293421733886231,q08,topology_guided_grid,1,28.126955262170053,23.00452018978113,,,,,0,28.126955262170053,0.5,False,grid,corridor,"[125, 127, 126, 123, 120, 116, 109, 104, 100, 99]",1.0,21157.0,21157.0,571.0,21727.0,252546,0.0860318516230706,,134.099663,NO_PATH,175.315764,175.315764,190.0,108.37587885137356,209756160,183670784,7763.683896,776.3683896
q08_topology_guided_grid_fallback_measured_1_1787293422927853492,q08,topology_guided_grid_fallback,1,28.126955262170053,23.00452018978113,1.1320662405594424,26.04264068711932,1.3789215283883305,0.050000000745058,0,28.126955262170053,0.5,False,grid,corridor,"[125, 127, 126, 123, 120, 116, 109, 104, 100, 99]",4.0,75705.0,76055.0,649.0,65584.0,252546,0.2596913037624829,26.04264068711932,477.261434,,1189.709895,1189.709895,1320.0,110.95141811861622,212193280,186107904,7763.683896,776.3683896
q08_full_grid_measured_2_1787293423166719085,q08,full_grid,2,,23.00452018978113,1.0,23.00452018978113,1.2180572823255444,0.050000000745058,0,,,False,grid,full_grid,[],,25044.0,25674.0,1268.0,252546.0,252546,1.0,23.00452018978113,177.291853,,231.079044,231.079044,240.0,103.86056469923771,212197376,186112000,7763.683896,776.3683896
q08_topology_guided_grid_measured_2_1787293423349157156,q08,topology_guided_grid,2,28.126955262170053,23.00452018978113,,,,,0,28.126955262170053,0.5,False,grid,corridor,"[125, 127, 126, 123, 120, 116, 109, 104, 100, 99]",1.0,21157.0,21157.0,571.0,21727.0,252546,0.0860318516230706,,135.261592,NO_PATH,174.976361,174.976361,190.0,108.58609638132776,212197376,186112000,7763.683896,776.3683896
q08_topology_guided_grid_fallback_measured_2_1787293424535134058,q08,topology_guided_grid_fallback,2,28.126955262170053,23.00452018978113,1.1320662405594424,26.04264068711932,1.3789215283883305,0.050000000745058,0,28.126955262170053,0.5,False,grid,corridor,"[125, 127, 126, 123, 120, 116, 109, 104, 100, 99]",4.0,75705.0,76055.0,649.0,65584.0,252546,0.2596913037624829,26.04264068711932,466.736352,,1184.32664,1184.32664,1310.0,110.61137660468398,212197376,186112000,7763.683896,776.3683896
q08_full_grid_measured_3_1787293424750832892,q08,full_grid,3,,23.00452018978113,1.0,23.00452018978113,1.2180572823255444,0.050000000745058,0,,,False,grid,full_grid,[],,25044.0,25674.0,1268.0,252546.0,252546,1.0,23.00452018978113,161.405322,,210.278452,210.278452,220.0,104.62317841297406,212197376,186112000,7763.683896,776.3683896
q08_topology_guided_grid_measured_3_1787293424917632232,q08,topology_guided_grid,3,28.126955262170053,23.00452018978113,,,,,0,28.126955262170053,0.5,False,grid,corridor,"[125, 127, 126, 123, 120, 116, 109, 104, 100, 99]",1.0,21157.0,21157.0,571.0,21727.0,252546,0.0860318516230706,,125.29909,NO_PATH,161.721898,161.721898,170.0,105.11872671689764,212197376,186112000,7763.683896,776.3683896
q08_topology_guided_grid_fallback_measured_3_1787293426109740342,q08,topology_guided_grid_fallback,3,28.126955262170053,23.00452018978113,1.1320662405594424,26.04264068711932,1.3789215283883305,0.050000000745058,0,28.126955262170053,0.5,False,grid,corridor,"[125, 127, 126, 123, 120, 116, 109, 104, 100, 99]",4.0,75705.0,76055.0,649.0,65584.0,252546,0.2596913037624829,26.04264068711932,478.9890830000001,,1190.012592,1190.012592,1300.0,109.24254152766142,212197376,186112000,7763.683896,776.3683896
q08_full_grid_measured_4_1787293426343871093,q08,full_grid,4,,23.00452018978113,1.0,23.00452018978113,1.2180572823255444,0.050000000745058,0,,,False,grid,full_grid,[],,25044.0,25674.0,1268.0,252546.0,252546,1.0,23.00452018978113,175.793144,,226.955892,226.955892,240.0,105.74741985548452,212197376,186112000,7763.683896,776.3683896
q08_topology_guided_grid_measured_4_1787293426509356919,q08,topology_guided_grid,4,28.126955262170053,23.00452018978113,,,,,0,28.126955262170053,0.5,False,grid,corridor,"[125, 127, 126, 123, 120, 116, 109, 104, 100, 99]",1.0,21157.0,21157.0,571.0,21727.0,252546,0.0860318516230706,,122.589745,NO_PATH,158.863432,158.863432,170.0,107.01015196499092,212197376,186112000,7763.683896,776.3683896
q08_topology_guided_grid_fallback_measured_4_1787293427650413174,q08,topology_guided_grid_fallback,4,28.126955262170053,23.00452018978113,1.1320662405594424,26.04264068711932,1.3789215283883305,0.050000000745058,0,28.126955262170053,0.5,False,grid,corridor,"[125, 127, 126, 123, 120, 116, 109, 104, 100, 99]",4.0,75705.0,76055.0,649.0,65584.0,252546,0.2596913037624829,26.04264068711932,454.51285,,1136.841569,1136.841569,1240.0,109.07412552575302,212197376,186112000,7763.683896,776.3683896
q08_full_grid_measured_5_1787293427878069999,q08,full_grid,5,,23.00452018978113,1.0,23.00452018978113,1.2180572823255444,0.050000000745058,0,,,False,grid,full_grid,[],,25044.0,25674.0,1268.0,252546.0,252546,1.0,23.00452018978113,169.467326,,220.28353,220.28353,230.0,104.41089263459686,212197376,186112000,7763.683896,776.3683896
q08_topology_guided_grid_measured_5_1787293428055191577,q08,topology_guided_grid,5,28.126955262170053,23.00452018978113,,,,,0,28.126955262170053,0.5,False,grid,corridor,"[125, 127, 126, 123, 120, 116, 109, 104, 100, 99]",1.0,21157.0,21157.0,571.0,21727.0,252546,0.0860318516230706,,131.907641,NO_PATH,170.199084,170.199084,190.0,111.63397330622531,212197376,186112000,7763.683896,776.3683896
q08_topology_guided_grid_fallback_measured_5_1787293429235385650,q08,topology_guided_grid_fallback,5,28.126955262170053,23.00452018978113,1.1320662405594424,26.04264068711932,1.3789215283883305,0.050000000745058,0,28.126955262170053,0.5,False,grid,corridor,"[125, 127, 126, 123, 120, 116, 109, 104, 100, 99]",4.0,75705.0,76055.0,649.0,65584.0,252546,0.2596913037624829,26.04264068711932,456.5570770000001,,1178.413701,1178.413701,1310.0,111.16639248918575,212197376,186112000,7763.683896,776.3683896
q09_full_grid_measured_1_1787293429336489623,q09,full_grid,1,,14.968986283848343,1.0,14.968986283848343,1.1541955477567882,0.050000000745058,0,,,False,grid,full_grid,[],,10267.0,10584.0,740.0,252546.0,252546,1.0,14.968986283848343,63.151798,,93.633027,93.633027,100.0,106.79992221120868,212197376,186112000,7763.683896,776.3683896
q09_topology_guided_grid_measured_1_1787293429379982932,q09,topology_guided_grid,1,19.38492424049175,14.968986283848343,,,,,0,19.38492424049175,0.5,False,grid,corridor,"[135, 131, 128, 127, 126]",1.0,901.0,901.0,186.0,16722.0,252546,0.0662136798840607,,5.677158,NO_PATH,39.596447,39.596447,50.0,126.27395584255324,212197376,186112000,7763.683896,776.3683896
q09_topology_guided_grid_fallback_measured_1_1787293429642478507,q09,topology_guided_grid_fallback,1,19.38492424049175,14.968986283848343,1.0,14.968986283848343,1.1541955477567882,0.050000000745058,0,19.38492424049175,0.5,False,grid,corridor,"[135, 131, 128, 127, 126]",2.0,10997.0,11302.0,722.0,23919.0,252546,0.0947114585065691,14.968986283848343,69.900497,,260.364389,260.364389,300.0,115.223130610231,212197376,186112000,7763.683896,776.3683896
q09_full_grid_measured_2_1787293429744847342,q09,full_grid,2,,14.968986283848343,1.0,14.968986283848343,1.1541955477567882,0.050000000745058,0,,,False,grid,full_grid,[],,10267.0,10584.0,740.0,252546.0,252546,1.0,14.968986283848343,65.398558,,96.723536,96.723536,100.0,103.38745266715644,212197376,186112000,7763.683896,776.3683896
q09_topology_guided_grid_measured_2_1787293429788666045,q09,topology_guided_grid,2,19.38492424049175,14.968986283848343,,,,,0,19.38492424049175,0.5,False,grid,corridor,"[135, 131, 128, 127, 126]",1.0,901.0,901.0,186.0,16722.0,252546,0.0662136798840607,,5.8983,NO_PATH,40.401049,40.401049,50.0,123.75916278807512,212197376,186112000,7763.683896,776.3683896
q09_topology_guided_grid_fallback_measured_2_1787293430058725692,q09,topology_guided_grid_fallback,2,19.38492424049175,14.968986283848343,1.0,14.968986283848343,1.1541955477567882,0.050000000745058,0,19.38492424049175,0.5,False,grid,corridor,"[135, 131, 128, 127, 126]",2.0,10997.0,11302.0,722.0,23919.0,252546,0.0947114585065691,14.968986283848343,72.572812,,268.147801,268.147801,310.0,115.60788447413,212197376,186112000,7763.683896,776.3683896
q09_full_grid_measured_3_1787293430165144450,q09,full_grid,3,,14.968986283848343,1.0,14.968986283848343,1.1541955477567882,0.050000000745058,0,,,False,grid,full_grid,[],,10267.0,10584.0,740.0,252546.0,252546,1.0,14.968986283848343,67.466397,,100.402322,100.402322,100.0,99.59929014390724,212197376,186112000,7763.683896,776.3683896
q09_topology_guided_grid_measured_3_1787293430210897278,q09,topology_guided_grid,3,19.38492424049175,14.968986283848343,,,,,0,19.38492424049175,0.5,False,grid,corridor,"[135, 131, 128, 127, 126]",1.0,901.0,901.0,186.0,16722.0,252546,0.0662136798840607,,5.850303,NO_PATH,41.636794,41.636794,50.0,120.08609500529748,212197376,186112000,7763.683896,776.3683896
q09_topology_guided_grid_fallback_measured_3_1787293430471854761,q09,topology_guided_grid_fallback,3,19.38492424049175,14.968986283848343,1.0,14.968986283848343,1.1541955477567882,0.050000000745058,0,19.38492424049175,0.5,False,grid,corridor,"[135, 131, 128, 127, 126]",2.0,10997.0,11302.0,722.0,23919.0,252546,0.0947114585065691,14.968986283848343,70.307769,,258.987952,258.987952,290.0,111.97432072052524,212197376,186112000,7763.683896,776.3683896
q09_full_grid_measured_4_1787293430576945634,q09,full_grid,4,,14.968986283848343,1.0,14.968986283848343,1.1541955477567882,0.050000000745058,0,,,False,grid,full_grid,[],,10267.0,10584.0,740.0,252546.0,252546,1.0,14.968986283848343,66.970985,,99.076427,99.076427,110.0,111.02540062329862,212197376,186112000,7763.683896,776.3683896
q09_topology_guided_grid_measured_4_1787293430620655808,q09,topology_guided_grid,4,19.38492424049175,14.968986283848343,,,,,0,19.38492424049175,0.5,False,grid,corridor,"[135, 131, 128, 127, 126]",1.0,901.0,901.0,186.0,16722.0,252546,0.0662136798840607,,5.770959,NO_PATH,40.007361,40.007361,50.0,124.9770011073712,212197376,186112000,7763.683896,776.3683896
q09_topology_guided_grid_fallback_measured_4_1787293430883524388,q09,topology_guided_grid_fallback,4,19.38492424049175,14.968986283848343,1.0,14.968986283848343,1.1541955477567882,0.050000000745058,0,19.38492424049175,0.5,False,grid,corridor,"[135, 131, 128, 127, 126]",2.0,10997.0,11302.0,722.0,23919.0,252546,0.0947114585065691,14.968986283848343,70.392439,,260.852629,260.852629,290.0,111.17388431611325,212197376,186112000,7763.683896,776.3683896
q09_full_grid_measured_5_1787293430992920673,q09,full_grid,5,,14.968986283848343,1.0,14.968986283848343,1.1541955477567882,0.050000000745058,0,,,False,grid,full_grid,[],,10267.0,10584.0,740.0,252546.0,252546,1.0,14.968986283848343,70.720766,,103.387328,103.387328,110.0,106.39601789495904,212197376,186112000,7763.683896,776.3683896
q09_topology_guided_grid_measured_5_1787293431038233950,q09,topology_guided_grid,5,19.38492424049175,14.968986283848343,,,,,0,19.38492424049175,0.5,False,grid,corridor,"[135, 131, 128, 127, 126]",1.0,901.0,901.0,186.0,16722.0,252546,0.0662136798840607,,5.91898,NO_PATH,41.206349,41.206349,60.0,145.60862938864105,212197376,186112000,7763.683896,776.3683896
q09_topology_guided_grid_fallback_measured_5_1787293431295542404,q09,topology_guided_grid_fallback,5,19.38492424049175,14.968986283848343,1.0,14.968986283848343,1.1541955477567882,0.050000000745058,0,19.38492424049175,0.5,False,grid,corridor,"[135, 131, 128, 127, 126]",2.0,10997.0,11302.0,722.0,23919.0,252546,0.0947114585065691,14.968986283848343,67.922051,,253.991255,253.991255,280.0,110.24001594070631,212197376,186112000,7763.683896,776.3683896
